,,ATLAS COPCO PARTS LIST ,,,,,
Part Number ,Qty ,,Part Number ,Qty ,,Part Number ,Qty
BBC35WTH ,1,,147 1401 ,6,,211 1557‐00 ,4
101 1239‐00 ,4,,147 1401‐03 ,13,,211 1567 ,8
101 1274 ,47,,147 1422‐03 ,2,,211 1960‐83 ,4
101 1320 ,7,,147 1475‐03 ,8,,211 2640 ,10
101 1363 ,15,,147 1477 ,3,,211 5161‐15 ,8
102 0473‐00 ,2,,147 1477‐03 ,28,,216 1477 ,11
102 0476 ,1,,147 1479 ,21,,216 1481‐00 ,29
106 4404 ,6,,147 1480‐03 ,4,,235 2141 ,31
106 6369 ,4,,147 1481‐03 ,6,,246 1238 ,22
108 1236 ,20,,147 1483‐09 ,21,,246 1281 ,4
108 1243 ,18,,147 1485‐00 ,12,,259 0450 ,13
108 1298 ,2,,147 1487‐03 ,6,,259 2062 ,10
108 1319 ,9,,147 1489‐03 ,3,,259 2076‐01 ,4
108 1324 ,3,,147 1496‐09 ,6,,261 2114 ,6
108 1326 ,9,,147 1500‐03 ,8,,263 3115 ,12
108 1327 ,5,,147 1549 ,4,,263 3209 ,2
108 1328 ,3,,147 1557 ,10,,263 3212 ,1
108 1330 ,8,,147 1632 ,33,,265 1210 ,19
108 1332 ,1,,147 1634 ,4,,266 1112 ,6
108 1362 ,9,,147 1636 ,7,,266 2114 ,1
108 1393 ,5,,147 1721 ,8,,281 1366 ,16
108 1427 ,5,,148 5634 ,14,,281 1368 ,21
108 3236 ,2,,160 4247 ,5,,291 1111 ,4
108 3324‐00 ,5,,192 1243 ,6,,291 1114 ,44
108 3334 ,4,,194 1319 ,2,,291 1116‐00 ,25
108 3392‐00 ,15,,194 1320 ,9,,291 1118 ,10
108 3423 ,4,,194 1399 ,12,,291 1128‐23 ,6
111 1451 ,4,,196 1203‐0 ,1,,291 1161 ,2
111 1455 ,4,,196 1320‐00 ,3,,291 1162‐00 ,7
113 2255 ,5,,211 1326‐00 ,25,,291 1164‐00 ,20
144 2252 ,19,,211 1330 ,5,,291 1180‐03 ,8
147 1246 ,10,,211 1331 ,6,,295 3105 ,4
147 1323 ,3,,211 1332 ,5,,301 2126‐00 ,5
147 1323‐03 ,4,,211 1401 ,12,,301 2141 ,3
147 1324‐03 ,25,,211 1403 ,8,,301 2144 ,20
147 1328 ,5,,211 1473 ,10,,301 2194 ,2
147 1363‐03 ,16,,211 1479 ,7,,301 2201 ,29
147 1367 ,13,,211 1496‐00 ,16,,301 2221 ,2
147 1399 ,8,,211 1551 ,26,,301 2223 ,3
147 1400‐03 ,13,,211 1553 ,23,,301 2340 ,8
,,"LC VOUGHT, ATLAS COPCO PARTS LIST, PAGE 1 ",,,,,
,,ATLAS COPCO PARTS LIST ,,,,,
Part Number ,Qty ,,Part Number ,Qty ,,Part Number ,Qty
301 2521 ,5,,335 3572 ,6,,580 2202 ,10
302 1205 ,12,,335 3576‐00 ,2,,580 4810 ,4
304 1016‐00 ,3,,337 2550 ,99,,584 0067 ,20
304 1066‐00 ,4,,337 2582 ,1,,584 2067 ,41
333 0108 ,7,,337 2620 ,2,,584 6067 ,7
333 2125 ,26,,337 8300 ,6,,603 4101 ,3
333 2136 ,35,,337 8350 ,5,,603 4106 ,3
333 2145 ,19,,337 8351 ,10,,605 8509 ,1
333 3172‐00 ,2,,339 1001‐01 ,4,,621 1103 ,6
333 3220 ,12,,384 2067 ,6,,622 0720 ,9
335 1116 ,79,,384 3156 ,17,,627 5126 ,1
335 1127 ,6,,384 3310 ,10,,627 8906 ,41
335 1132 ,24,,384 3380 ,1,,627 8907 ,7
335 1136 ,11,,384 3433 ,1,,650 1386 ,3
335 1140 ,16,,384 3595 ,38,,653 1041‐00 ,11
335 1145 ,6,,388 3350 ,3,,653 1046 ,5
335 1146 ,7,,500 1253 ,8,,653 1070 ,42
335 1147 ,4,,500 3144 ,2,,653 1101 ,20
335 1151 ,5,,500 3247 ,3,,653 1128 ,28
335 1170 ,13,,502 1215‐00 ,,,653 1163 ,11
335 1210 ,5,,502 2106 ,1,,653 1165‐00 ,22
335 2127 ,5,,502 3102‐00 ,12,,653 1254 ,2
335 2130‐00 ,6,,502 3106 ,12,,653 7241 ,2
335 2132 ,17,,502 3221 ,2,,653 7242 ,2
335 2144 ,16,,504 2104 ,1,,657 5725 ,6
335 2146 ,7,,511 0106‐00 ,4,,657 5823 ,4
335 2151 ,9,,517 1108 ,60,,657 5864 ,10
335 2152 ,12,,517 1112 ,4,,661 1015‐00 ,8
335 2154 ,8,,517 1114 ,3,,661 1019‐00 ,8
335 2156 ,3,,517 1168 ,8,,661 1020 ,24
335 2160 ,6,,517 1414 ,27,,661 1026‐00 ,1
335 2165 ,6,,544 2106‐00 ,11,,661 1029‐00 ,12
335 2170 ,5,,544 2153 ,2,,661 1033‐00 ,36
335 2173 ,8,,544 2162 ,1,,661 1038‐00 ,8
335 2176 ,10,,544 2362‐00 ,1,,661 1049‐00 ,14
335 2177 ,7,,560 1006 ,3,,661 1510‐00 ,4
335 2178 ,9,,562 0507 ,2,,661 1540‐00 ,1
335 2179 ,8,,562 3107 ,5,,663 2114 ,13
335 2180 ,5,,580 0202‐00 ,3,,663 2115 ,4
335 2182 ,4,,580 0402‐00 ,10,,663 2118‐01 ,27
,,"LC VOUGHT, ATLAS COPCO PARTS LIST, PAGE 2 ",,,,,
,,ATLAS COPCO PARTS LIST ,,,,,
Part Number ,Qty ,,Part Number ,Qty ,,Part Number ,Qty
663 2120‐00 ,28,,663 6147 ,14,,666 2171‐00 ,10
663 2125‐00 ,80,,663 6148 ,12,,666 2261 ,4
663 2126‐00 ,4,,663 6149 ,6,,666 2263‐00 ,5
663 2126‐01 ,9,,663 6150 ,6,,666 2295 ,10
663 2127 ,7,,663 6151‐00 ,14,,666 2670 ,6
663 2128‐01 ,99,,663 6159‐00 ,1,,666 4093 ,14
663 2129 ,11,,663 6163 ,4,,666 4437 ,6
663 2130‐00 ,7,,663 7114‐00 ,2,,666 4440 ,24
663 2133‐01 ,17,,663 7135 ,6,,666 4485 ,1
663 2135 ,1,,663 7141‐00 ,1,,666 4589 ,6
663 2136 ,8,,663 7531 ,1,,666 4647 ,23
663 2145‐01 ,16,,663 8509 ,5,,666 4686 ,13
663 2149 ,5,,663 9035 ,25,,666 4721 ,5
663 2263 ,2,,663 9051‐01 ,12,,666 4725 ,10
663 3125 ,10,,663 9056‐00 ,6,,666 4737 ,2
663 3127 ,67,,663 9072‐00 ,2,,666 5351 ,6
663 3129 ,10,,663 9099‐00 ,11,,666 6161 ,4
663 3134‐00 ,12,,663 9158 ,23,,666 6311 ,21
663 3135 ,3,,663 9184 ,8,,666 6333 ,15
663 3137 ,10,,663 9191 ,10,,666 7188‐01 ,1
663 3152‐02 ,4,,663 9200 ,8,,666 7190‐01 ,6
663 3156‐02 ,6,,663 9206 ,21,,666 8096‐03 ,3
663 6114‐00 ,20,,663 9812‐00 ,4,,667 1206‐00 ,3
663 6118 ,10,,663 9816 ,3,,667 1272‐00 ,4
663 6120 ,3,,664 5686‐04 ,1,,667 3194 ,19
663 6121‐00 ,18,,665 0010‐15 ,1,,667 3215‐00 ,18
663 6128 ,48,,665 0020‐19 ,2,,667 4111 ,9
663 6129‐01 ,18,,665 0030‐04 ,3,,667 4138 ,4
663 6132 ,10,,665 1000‐12 ,5,,680 1212 ,8
663 6134‐01 ,7,,665 1103 ,4,,686 3102 ,5
663 6135‐00 ,24,,665 1175 ,6,,686 3702 ,12
663 6136‐00 ,29,,665 7031 ,2,,686 3703 ,4
663 6137‐00 ,27,,665 7037 ,7,,686 4206 ,13
663 6138 ,4,,665 7051 ,4,,686 4208 ,4
663 6139‐00 ,35,,665 9117‐01 ,3,,686 6101 ,9
663 6141 ,5,,665 9181‐01 ,1,,686 6102 ,4
663 6142‐00 ,20,,665 9193‐01 ,5,,686 6441 ,3
663 6143‐00 ,7,,665 9245 ,4,,686 6443 ,6
663 6145 ,5,,665 9258‐01 ,2,,686 6446 ,2
663 6146 ,18,,665 9262‐00 ,1,,686 8101 ,2
,,"LC VOUGHT, ATLAS COPCO PARTS LIST, PAGE 3 ",,,,,
,,ATLAS COPCO PARTS LIST ,,,,,
Part Number ,Qty ,,Part Number ,Qty ,,Part Number ,Qty
686 8106 ,3,,1502 5427‐80 ,2,,3000 9140‐21 ,18
686 9114 ,2,,1502 5442‐00 ,9,,3000 9341‐02 ,18
686 9252‐27 ,1,,1503 0145‐00 ,1,,3000 9647‐93 ,3
795 1825 ,8,,1503 0203 ,12,,3000 9861 ,3
795 1831 ,1,,1503 0204 ,1,,3000 9922 ,7
795 1900‐U ,2,,1503 0233‐00 ,3,,3000 9924 ,6
823 0090‐01 ,2,,1503 0352‐80 ,2,,3001 0770‐04 ,10
1000 4002‐80 ,2,,1503 0380‐80 ,2,,3001 1078‐02 ,6
1000 4050 ,2,,1503 0426‐80 ,3,,3001 2101‐01 ,29
1000 4654 ,4,,1503 0611 ,2,,3001 3458 ,2
1000 6009‐81 ,5,,1503 1226‐00 ,2,,3001 3597‐01 ,10
1002 1402 ,12,,1503 1323‐00 ,2,,3001 3599‐01 ,1
1002 2747‐00 ,36,,1503 6178‐60 ,1,,3001 3676‐01 ,8
1002 2748‐00 ,6,,1613 2216‐04 ,1,,3001 3676‐80 ,1
1010 5047 ,1,,1614 6318‐00 ,13,,3001 3676‐81 ,5
1011 3495 ,1,,1619 3473 ,6,,3001 3677‐01 ,14
1012 0248 ,1,,1619 3857‐00 ,1,,3001 3684‐01 ,40
1012 0350 ,1,,1619 3859‐00 ,1,,3001 3685 ,28
1020 5160‐03 ,1,,2910 0002‐00 ,1,,3001 3957 ,15
1089 0341‐01 ,1,,2910 0006‐00 ,2,,3006 0309 ,4
1091 2747‐00 ,2,,2910 3006‐00 ,1,,3006 2700 ,10
1202 1453‐80 ,1,,3000 0029 ,2,,3006 4415 ,1
1202 1463‐80 ,1,,3000 0081 ,4,,3006 8794 ,2
1500 3929‐80 ,1,,3000 0183 ,6,,3006 8795 ,1
1500 3931‐80 ,2,,3000 0353 ,13,,3006 8796 ,19
1500 3935‐80 ,1,,3000 0607‐15 ,1,,3006 8928 ,1
1500 3938‐00 ,1,,3000 0692 ,10,,3006 9133 ,6
1500 3939‐00 ,2,,3000 0905‐01 ,21,,3006 9757 ,4
1500 3952‐00 ,2,,3000 0905‐02 ,15,,3006 9765 ,99
1500 3953 ,28,,3000 0988‐02 ,2,,3006 9951 ,5
1500 3960‐00 ,4,,3000 1224‐01 ,1,,3011 0023 ,1
1500 5083 ,2,,3000 1345 ,46,,3040 0063‐U ,1
1500 5175 ,2,,3000 1349‐02 ,95,,3040 0064 ,3
1500 5177 ,2,,3000 1377 ,34,,3091 0038 ,12
1500 7393‐80 ,2,,3000 1377‐01 ,26,,3100 0119‐,
1501 1589‐80 ,3,,3000 5114‐07 ,4,,08‐U ,1
1502 0577‐00 ,1,,3000 5825‐03 ,1,,3100 0120‐U ,2
1502 2685‐00 ,2,,3000 7146‐31 ,29,,3100 0194‐,
,,,,,,06‐U ,2
1502 1116 ,11,,3000 8186‐01 ,2,,,
,,,,,,3100 0607‐14 ,2
1502 2901 ,4,,3000 9140‐04 ,23,,,
,,,,,,3100 5793‐08 ,1
,,"LC VOUGHT, ATLAS COPCO PARTS LIST, PAGE 4 ",,,,,
,,ATLAS COPCO PARTS LIST ,,,,,
Part Number ,Qty ,,Part Number ,Qty ,,Part Number ,Qty
3100 8478 ,22,,3101 4831 ,33,,3111 0008‐80 ,1
3100 8478‐80 ,1,,3101 4987‐U ,2,,3111 0017 ,6
3100 8895‐01 ,3,,3101 4988 ,3,,3111 0021 ,4
3100 9140‐02 ,99,,3106 0841 ,6,,3111 0022 ,5
3100 9240‐02 ,99,,3106 2612 ,9,,3111 0023 ,4
3100 9299‐05 ,1,,3106 2646 ,9,,3111 0025 ,2
3100 9299‐08 ,1,,3106 2690‐80 ,28,,3111 0026 ,3
3100 9623‐01 ,29,,3106 2698 ,2,,3111 0027 ,9
3100 9632 ,1,,3106 6757 ,6,,3111 0028 ,12
3100 9637‐12 ,31,,3106 6822 ,1,,3111 0029 ,4
3100 9638 ,19,,3106 7349‐80 ,12,,3111 0034‐81 ,3
3100 9641‐01 ,8,,3106 7441 ,4,,3111 0038 ,4
3100 9642 ,4,,3106 7441‐82 ,1,,3111 0051 ,1
3100 9643‐01 ,42,,3106 7441‐84 ,1,,3111 0052 ,2
3100 9646 ,8,,3106 7442 ,3,,3111 0054 ,6
3100 9652 ,3,,3106 7444 ,2,,3111 0055 ,7
3100 9653 ,15,,3106 7446 ,13,,3111 0057 ,1
3100 9654 ,9,,3106 7646 ,7,,3111 0060 ,1
3100 9665 ,18,,3106 7647 ,5,,3111 0071 ,1
3100 9894‐01 ,16,,3106 7648 ,9,,3111 0073 ,1
3100 9955‐02 ,28,,3106 8256‐80 ,51,,3111 0136 ,11
3101 1370 ,50,,3106 8256‐81 ,2,,3111 0141 ,1
3101 1371 ,22,,3106 8680‐80 ,10,,3111 0143‐U ,2
3101 1377‐01 ,2,,3106 8681 ,9,,3111 0145‐U ,2
3101 1378 ,15,,3106 8682 ,2,,3111 0146‐U ,2
3101 1593 ,8,,3106 8683 ,4,,3111 0147‐U ,2
3101 2488 ,1,,3106 8719 ,5,,3111 0148‐U ,2
3101 2543 ,67,,3106 8733 ,3,,3111 0162‐U ,1
3101 3154 ,10,,3106 8747 ,6,,3111 0174 ,2
3101 3158 ,3,,3106 9670 ,7,,3111 0175 ,2
3101 3680 ,4,,3106 9671 ,36,,3115 0003 ,5
3101 3680‐01 ,9,,3106 9673 ,23,,3115 0006 ,3
3101 3681 ,2,,3106 9675 ,56,,3115 0007‐80 ,3
3101 3684‐01 ,2,,3106 9775 ,21,,3115 0016 ,3
3101 3688‐03 ,3,,3106 9777 ,46,,3115 0024 ,2
3101 3688‐04 ,4,,3106 9778 ,18,,3115 0028 ,7
3101 3689‐01 ,3,,3106 9949 ,3,,3115 0029 ,9
3101 3693 ,15,,3106 9950 ,1,,3115 0045 ,6
3101 4145 ,45,,3110 0051‐00 ,1,,3115 0112 ,1
3101 4146 ,99,,3111 0007 ,1,,3115 0122 ,3
,,"LC VOUGHT, ATLAS COPCO PARTS LIST, PAGE 5 ",,,,,
,,ATLAS COPCO PARTS LIST ,,,,,
Part Number ,Qty ,,Part Number ,Qty ,,Part Number ,Qty
3115 0132 ,1,,3115 0706 ,9,,3115 1671‐00 ,3
3115 0251 ,1,,3115 0707 ,34,,3115 1672‐00 ,6
3115 0252‐80 ,2,,3115 0708‐00 ,12,,3115 1692‐00 ,14
3115 0259 ,32,,3115 0712‐80 ,6,,3115 1697‐00 ,16
3115 0260‐,,,3115 0713‐00 ,23,,3115 1698‐00 ,5
81‐U ,6,,3115 0731 ,2,,3115 1734‐00 ,1
3115 0261 ,1,,3115 0743 ,13,,3115 1746‐03 ,2
3115 0263‐00 ,3,,3115 0744 ,2,,3115 1823‐00 ,1
3115 0265‐00 ,2,,3115 0796‐00 ,1,,3115 2014 ,1
3115 0266 ,3,,3115 0797‐00 ,11,,3115 2074‐90 ,4
3115 0267 ,7,,3115 0823 ,3,,3115 2333‐00 ,8
3115 0268‐00 ,12,,3115 0825 ,5,,3115 9150‐91 ,4
3115 0269 ,7,,3115 0844‐00 ,3,,3121 0003 ,22
3115 0270 ,2,,3115 0950‐90 ,13,,3121 0005 ,5
3115 0272 ,1,,3115 0968‐80 ,4,,3121 0010 ,34
3115 0273‐00 ,4,,3115 0969‐80 ,15,,3121 0011 ,36
3115 0274‐00 ,1,,3115 0970 ,10,,3121 0012 ,22
3115 0277 ,2,,3115 1010‐91 ,9,,3121 0015 ,1
3115 0281 ,2,,3115 1010‐93 ,2,,3121 0016 ,1
3115 0282 ,1,,3115 1091 ,7,,3121 0017 ,4
3115 0284 ,1,,3115 1103‐80 ,6,,3121 0018 ,2
3115 0289 ,1,,3115 1104‐80 ,6,,3121 0020 ,5
3115 0292 ,8,,3115 1128 ,2,,3121 0021 ,22
3115 0296 ,5,,3115 1149 ,5,,3121 0023 ,12
3115 0299‐08 ,2,,3115 1158 ,2,,3121 0024 ,1
3115 0299‐10 ,2,,3115 1159 ,2,,3121 0028‐U ,4
3115 0299‐20 ,2,,3115 1160‐00 ,3,,3121 0031 ,62
3115 0299‐21 ,2,,3115 1161‐00 ,3,,3121 0038 ,1
3115 0299‐22 ,2,,3115 1162‐00 ,1,,3121 0040 ,1
3115 0299‐,,,3115 1165‐00 ,8,,3121 0043 ,4
80‐U ,2,,,,,,
,,,3115 1170‐00 ,1,,3121 0044 ,2
3115 0299‐90 ,5,,,,,,
,,,3115 1220 ,20,,3121 0065 ,12
3115 0303 ,6,,,,,,
,,,3115 1221 ,1,,3121 0066 ,22
3115 0327‐00 ,3,,,,,,
,,,3115 1224‐00 ,1,,3121 0067 ,1
3115 0591 ,6,,,,,,
,,,3115 1225 ,2,,3121 0068 ,9
3115 0598‐00 ,3,,,,,,
,,,3115 1240 ,9,,3121 0071 ,5
3115 0628 ,1,,,,,,
,,,3115 1454‐00 ,11,,3121 0072 ,9
3115 0649 ,3,,,,,,
,,,3115 1455‐00 ,1,,3121 0073 ,13
3115 0650 ,18,,,,,,
,,,3115 1530‐00 ,3,,3121 0083 ,4
3115 0651 ,8,,,,,,
,,,3115 1581‐00 ,9,,3121 0084‐R ,1
3115 0652 ,22,,,,,,
,,"LC VOUGHT, ATLAS COPCO PARTS LIST, PAGE 6 ",,,,,
,,ATLAS COPCO PARTS LIST ,,,,,
Part Number ,Qty ,,Part Number ,Qty ,,Part Number ,Qty
3121 0085‐80 ,1,,3121 0157 ,24,,3121 0329 ,10
3121 0086 ,14,,3121 0158 ,8,,3121 0331 ,1
3121 0088 ,1,,3121 0160 ,31,,3121 0332 ,24
3121 0098 ,7,,3121 0162 ,1,,3121 0334 ,31
3121 0090 ,1,,3121 0162‐80 ,1,,3121 0335 ,99
3121 0099 ,4,,3121 0164 ,3,,3121 0337 ,4
3121 0099‐81 ,1,,3121 0165 ,7,,3121 0338 ,22
3121 0099‐82 ,1,,3121 0166 ,6,,3121 0339 ,4
3121 0100 ,5,,3121 0167 ,1,,3121 0340 ,33
3121 0101 ,6,,3121 0170 ,38,,3121 0340‐81 ,1
3121 0102 ,4,,3121 0172 ,1,,3121 0341 ,14
3121 0106 ,1,,3121 0174 ,5,,3121 0343 ,13
3121 0116 ,2,,3121 0178 ,4,,3121 0344 ,8
3121 0117 ,2,,3121 0184 ,1,,3121 0345 ,3
3121 0117‐80 ,1,,3121 0186 ,3,,3121 0349 ,1
3121 0118 ,1,,3121 0187 ,4,,3121 0367 ,8
3121 0120 ,1,,3121 0188 ,8,,3121 0370 ,67
3121 0121 ,3,,3121 0190 ,12,,3121 0371 ,1
3121 0122 ,8,,3121 0192 ,4,,3121 0399 ,13
3121 0123 ,1,,3121 0194 ,2,,3121 0403 ,1
3121 0123‐80 ,2,,3121 0197 ,2,,3121 0417 ,4
3121 0124 ,1,,3121 0198 ,3,,3121 0478 ,4
3121 0126 ,3,,3121 0199 ,4,,3121 0489 ,1
3121 0127 ,8,,3121 0200 ,11,,3121 0489‐80 ,1
3121 0128 ,12,,3121 0202 ,4,,3121 0489‐81 ,1
3121 0131 ,1,,3121 0206 ,1,,3121 0490 ,9
3121 0133 ,30,,3121 0208 ,2,,3121 0491 ,3
3121 0135 ,6,,3121 0212 ,11,,3121 0492 ,15
3121 0137 ,8,,3121 0234 ,6,,3121 0493 ,18
3121 0139 ,7,,3121 0236 ,2,,3121 0495 ,1
3121 0140 ,1,,3121 0248 ,5,,3121 0495‐80 ,7
3121 0141 ,12,,3121 0309 ,1,,3121 0495‐,
3121 0143 ,4,,3121 0321 ,2,,81‐U ,3
3121 0144 ,4,,3121 0322 ,3,,3121 0497 ,5
3121 0145 ,7,,3121 0323 ,6,,3121 0498 ,6
3121 0146 ,1,,3121 0324 ,2,,3121 0503 ,5
3121 0147 ,9,,3121 0325 ,7,,3121 0510 ,2
3121 0155‐,,,3121 0326 ,3,,3121 0521 ,1
80‐U ,1,,3121 0327 ,12,,3121 0557 ,3
3121 0156 ,2,,3121 0328 ,20,,3121 0558 ,4
,,"LC VOUGHT, ATLAS COPCO PARTS LIST, PAGE 7 ",,,,,
,,ATLAS COPCO PARTS LIST ,,,,,
Part Number ,Qty ,,Part Number ,Qty ,,Part Number ,Qty
3121 0560 ,8,,3121 0736 ,12,,3121 0872 ,33
3121 0562 ,3,,3121 0737 ,14,,3121 0873 ,7
3121 0564 ,10,,3121 0738 ,1,,3121 0874 ,11
3121 0565 ,19,,3121 0764 ,3,,3121 0875 ,6
3121 0570 ,3,,3121 0768 ,5,,3121 0876 ,40
3121 0575 ,5,,3121 0769‐80 ,3,,3121 0877 ,40
3121 0577 ,1,,3121 0778 ,7,,3121 0878 ,13
3121 0585 ,5,,3121 0779 ,5,,3121 0894 ,2
3121 0586 ,1,,3121 0780 ,6,,3122 0002 ,4
3121 0594 ,2,,3121 0788 ,1,,3122 0002‐80 ,1
3121 0595 ,7,,3121 0790‐,,,3122 0003 ,6
3121 0598 ,1,,80‐U ,1,,3122 0027 ,2
3121 0598‐80 ,3,,3121 0793 ,3,,3122 0027‐80 ,6
3121 0602 ,2,,3121 0794 ,3,,3122 0028 ,6
3121 0603 ,5,,3121 0795 ,4,,3122 0030 ,3
3121 0604 ,6,,3121 0796 ,5,,3122 0031 ,15
3121 0608 ,2,,3121 0798 ,22,,3122 0034 ,3
3121 0611 ,16,,3121 0799 ,27,,3122 0117‐U ,3
3121 0612 ,9,,3121 0800 ,17,,3122 0118 ,1
3121 0626 ,5,,3121 0801 ,3,,3122 0119 ,4
3121 0627 ,2,,3121 0813 ,7,,3122 0120 ,11
3121 0648 ,1,,3121 0820 ,1,,3122 0121 ,1
3121 0673 ,2,,3121 0824 ,70,,3122 0125 ,1
3121 0674 ,1,,3121 0826‐U ,2,,3122 0149 ,6
3121 0675 ,2,,3121 0826‐80 ,1,,3122 0157 ,7
3121 0680 ,2,,3121 0828 ,3,,3122 0159 ,16
3121 0689 ,2,,3121 0834 ,14,,3122 0161 ,1
3121 0690 ,2,,3121 0836 ,9,,3122 0166 ,2
3121 0692 ,3,,3121 0844 ,77,,3122 0167 ,8
3121 0692‐01 ,1,,3121 0846 ,3,,3122 0168 ,13
3121 0702 ,1,,3121 0849 ,2,,3122 0169 ,12
3121 0714 ,7,,3121 0850 ,11,,3122 0170 ,1
3121 0715 ,9,,3121 0852 ,3,,3122 0175 ,3
3121 0717 ,12,,3121 0857 ,1,,3122 0177‐80 ,2
3121 0718 ,9,,3121 0858 ,3,,3122 0178 ,5
3121 0724 ,3,,3121 0859 ,2,,3122 0204 ,10
3121 0725‐U ,2,,3121 0860 ,1,,3122 0206 ,2
3121 0726‐80 ,2,,3121 0861 ,5,,3122 0208 ,1
3121 0729 ,5,,3121 0862 ,2,,3122 0277 ,25
3121 0731 ,5,,3121 0865 ,1,,3122 0284 ,1
,,"LC VOUGHT, ATLAS COPCO PARTS LIST, PAGE 8 ",,,,,
,,ATLAS COPCO PARTS LIST ,,,,,
Part Number ,Qty ,,Part Number ,Qty ,,Part Number ,Qty
3122 0306 ,19,,3128 0259‐00 ,6,,3132 0020 ,12
3122 0307 ,1,,3128 0260‐00 ,2,,3136 6210‐13 ,1
3122 0309 ,41,,3128 0261‐00 ,2,,3136 6210‐33 ,1
3122 0334 ,1,,3128 0619‐00 ,23,,3136 7003‐79 ,1
3122 0372 ,2,,3128 0693‐04 ,8,,3136 7004‐31 ,1
3125 0389‐04 ,15,,3128 0694‐04 ,5,,3141 0016‐U ,1
3125 0614 ,5,,3128 0784‐27 ,1,,3141 0046 ,2
3125 0615 ,10,,3128 2281‐01 ,1,,3141 0085 ,12
3125 0628‐00 ,4,,3128 3039‐30 ,4,,3141 0087‐U ,1
3125 0629 ,1,,3131 0002 ,14,,3141 0090‐00 ,3
3125 0630‐00 ,3,,3131 0003 ,2,,3141 0095 ,1
3125 0632 ,4,,3131 0004 ,1,,3141 0096‐00 ,10
3125 0634‐00 ,1,,3131 0005 ,6,,3141 0097‐00 ,6
3125 0637‐00 ,4,,3131 0006 ,7,,3141 0098 ,15
3125 0639 ,6,,3131 0007 ,7,,3141 0103‐U ,4
3125 0640‐00 ,8,,3131 0008 ,3,,3141 0106‐U ,3
3125 0727 ,32,,3131 0009 ,8,,3141 0161 ,3
3125 0738 ,6,,3131 0010 ,2,,3141 0193‐00 ,1
3125 0742 ,1,,3131 0011 ,8,,3141 0194‐00 ,10
3125 0905‐81 ,1,,3131 0012 ,12,,3142 0153 ,1
3125 0992‐00 ,6,,3131 0013 ,3,,3142 0163 ,5
3125 1823‐00 ,4,,3131 0014 ,4,,3142 0168‐00 ,2
3125 2006‐00 ,2,,3131 0015 ,15,,3142 0169 ,9
3125 2043 ,1,,3131 0016 ,14,,3142 0174‐00 ,6
3125 2045 ,2,,3131 0018‐,,,3142 0175 ,7
3125 2177‐00 ,4,,81‐U ,1,,3142 0176‐00 ,2
3125 2178‐00 ,1,,3131 0021 ,6,,3142 0182‐00 ,6
3125 2179‐00 ,2,,3131 0026 ,1,,3142 0187‐00 ,1
3125 2398‐90 ,7,,3131 0034 ,1,,3142 0188‐00 ,8
3125 2536‐90 ,1,,3131 0053 ,2,,3142 0189‐00 ,1
3125 2623‐00 ,5,,3131 0077 ,7,,3142 0193 ,9
3125 2624‐00 ,1,,3131 0126 ,6,,3142 0194‐00 ,5
3125 2822‐00 ,1,,3131 0736 ,2,,3142 0198‐00 ,6
3125 2872‐00 ,2,,3132 0001 ,1,,3142 0218‐00 ,4
3125 2981‐90 ,3,,3132 0005 ,7,,3142 0236‐00 ,6
3125 2982‐90 ,2,,3132 0014 ,8,,3142 0254‐00 ,10
3125 9003‐81 ,1,,3132 0016 ,9,,3142 0261 ,2
3125 9006‐00 ,2,,3132 0017 ,24,,3142 0264 ,1
3126 6348 ,2,,3132 0018 ,6,,3142 0265 ,1
3128 0258‐00 ,2,,3132 0019 ,12,,3142 0289‐00 ,5
,,"LC VOUGHT, ATLAS COPCO PARTS LIST, PAGE 9 ",,,,,
,,ATLAS COPCO PARTS LIST ,,,,,
Part Number ,Qty ,,Part Number ,Qty ,,Part Number ,Qty
3142 0310‐80 ,1,,3153 8904 ,11,,3161 0127‐U ,1
3142 0312‐00 ,5,,3153 8914‐80 ,3,,3161 0147‐U ,1
3142 0313‐00 ,3,,3153 8915‐80 ,2,,3161 0151 ,1
3142 0314‐00 ,4,,3153 8963 ,1,,3161 0218 ,1
3142 0315‐00 ,2,,3153 8989 ,1,,3161 0226‐00 ,7
3142 0319‐00 ,2,,3153 8989‐80 ,1,,3161 0229 ,1
3142 0339‐00 ,5,,3153 9096‐80 ,4,,3161 0230‐U ,2
3142 0343 ,8,,3153 9159 ,2,,3161 0231‐00 ,2
3142 0344‐00 ,5,,3155 0471 ,1,,3161 0235 ,1
3142 0437 ,2,,3155 0472 ,1,,3161 0296 ,2
3142 0441 ,10,,3155 0576 ,1,,3161 0307 ,1
3142 0564‐00 ,27,,3155 2076 ,1,,3161 0316 ,1
3142 0760‐00 ,2,,3155 2117 ,2,,3161 0318 ,13
3142 0774 ,8,,3155 2123 ,5,,3161 0319‐U ,1
3142 0775 ,4,,3155 2141 ,1,,3161 0325 ,1
3151 0594 ,4,,3155 2142 ,1,,3161 0329‐00 ,2
3153 3422 ,2,,3155 2146 ,1,,3161 0369 ,1
3153 3428‐80 ,2,,3155 2268 ,4,,3161 0371 ,2
3153 4874 ,2,,3155 2270 ,2,,3161 0372 ,8
3153 4875 ,1,,3155 2342 ,4,,3161 0375‐U ,1
3153 4876 ,10,,3155 2399 ,1,,3161 0376 ,7
3153 4897 ,2,,3155 2399‐70 ,3,,3161 0377‐U ,1
3153 4898 ,2,,3157 5552 ,2,,3161 0378 ,4
3153 4899 ,5,,3161 0002 ,2,,3161 0379 ,1
3153 4942 ,1,,3161 0009‐U ,4,,3161 0382‐00 ,2
3153 4950 ,2,,3161 0014‐U ,4,,3161 0383‐00 ,1
3153 5017 ,1,,3161 0015 ,1,,3161 0404 ,4
3153 5149 ,4,,3161 0016 ,1,,3161 0405‐,
3153 5160 ,2,,3161 0020 ,1,,80‐U ,2
3153 5226 ,1,,3161 0022 ,3,,3161 0454 ,1
3153 5485 ,3,,3161 0030 ,1,,3161 0465 ,2
3153 5486 ,2,,3161 0052‐U ,4,,3161 0468 ,9
3153 5497‐00 ,10,,3161 0055‐U ,3,,3161 0470 ,1
3153 5499 ,4,,3161 0055‐84 ,1,,3161 0479 ,1
3153 5552 ,2,,3161 0057‐U ,4,,3161 0481 ,1
3153 7519 ,1,,3161 0069 ,3,,3161 0484 ,1
3153 7645 ,5,,3161 0070 ,1,,3161 0517 ,6
3153 7664‐80 ,2,,3161 0096‐U ,1,,3161 0524 ,1
3153 8894 ,1,,3161 0115‐00 ,1,,3161 0527 ,2
3153 8903 ,10,,3161 0115‐80 ,2,,3161 0528 ,2
,,"LC VOUGHT, ATLAS COPCO PARTS LIST, PAGE 10 ",,,,,
,,ATLAS COPCO PARTS LIST ,,,,,
Part Number ,Qty ,,Part Number ,Qty ,,Part Number ,Qty
3161 0532 ,6,,3162 1560 ,4,,3176 3948 ,1
3161 0550‐00 ,9,,3162 1583 ,4,,3176 4115‐03 ,1
3161 0557 ,1,,3162 1641 ,2,,3176 4160 ,1
3161 0679‐U ,1,,3162 1645 ,3,,3176 4197‐02 ,2
3161 0796‐U ,2,,3162 1730 ,2,,3176 4198‐02 ,1
3161 0816 ,17,,3163 0669 ,1,,3176 4303‐01 ,7
3161 0817 ,30,,3163 1376 ,5,,3176 4531‐04 ,1
3161 0819‐80 ,1,,3163 2488 ,4,,3176 5044‐00 ,5
3161 0820 ,1,,3172 2434 ,1,,3176 5313‐00 ,2
3161 0821‐00 ,3,,3175 0001 ,2,,3176 5318 ,2
3161 0822‐00 ,5,,3175 0295‐00 ,10,,3176 5538‐80 ,4
3161 0823‐00 ,8,,3176 0016 ,4,,3176 5930‐04 ,4
3161 1465‐U ,1,,3176 1170‐80 ,8,,3176 6344‐00 ,5
3162 0001 ,5,,3176 1172‐80 ,3,,3176 6348‐00 ,4
3162 0063 ,2,,3176 1212 ,3,,3176 6497 ,2
3162 0976 ,4,,3176 1212‐76 ,2,,3176 6512 ,1
3162 1083 ,13,,3176 1247 ,8,,3176 6520 ,2
3162 1084 ,2,,3176 1250 ,6,,3176 6548 ,3
3162 1085 ,4,,3176 1262‐02 ,1,,3176 6991‐00 ,1
3162 1090 ,5,,3176 1405 ,1,,3176 7068 ,3
3162 1103 ,16,,3176 1426 ,1,,3176 7070 ,2
3162 1225 ,2,,3176 1615 ,2,,3176 7070‐90 ,2
3162 1283 ,5,,3176 1822‐01 ,1,,3176 7075‐00 ,1
3162 1284 ,3,,3176 2066‐90 ,2,,3176 7188‐03 ,1
3162 1286 ,3,,3176 2070 ,1,,3176 7188‐04 ,1
3162 1287 ,2,,3176 2070‐80 ,2,,3176 7190 ,1
3162 1288 ,1,,3176 2084‐00 ,1,,3176 7284‐90 ,39
3162 1294 ,11,,3176 2543 ,1,,3176 7336 ,3
3162 1295 ,3,,3176 2821 ,2,,3176 7428‐01 ,1
3162 1305 ,6,,3176 3012 ,2,,3176 7479‐00 ,12
3162 1309 ,1,,3176 3040‐,,,3176 7764‐00 ,1
3162 1310 ,9,,00‐U ,1,,3176 7767 ,9
3162 1316 ,1,,3176 3045‐80 ,4,,3176 7825 ,1
3162 1317 ,2,,3176 3106 ,3,,3176 7950‐91 ,2
3162 1319 ,2,,3176 3297 ,8,,3176 7950‐92 ,2
3162 1320 ,2,,3176 3360 ,2,,3176 7951 ,3
3162 1380 ,4,,3176 3361 ,3,,3176 7953‐00 ,3
3162 1461 ,1,,3176 3549 ,2,,3176 7956‐00 ,2
3162 1509 ,1,,3176 3550 ,2,,3176 7957‐31 ,4
3162 1557 ,4,,3176 3814‐80 ,1,,3176 7962‐00 ,1
,,"LC VOUGHT, ATLAS COPCO PARTS LIST, PAGE 11 ",,,,,
,,ATLAS COPCO PARTS LIST ,,,,,
Part Number ,Qty ,,Part Number ,Qty ,,Part Number ,Qty
3176 7968‐00 ,4,,3215 5167‐00 ,6,,3310 0296 ,2
3176 7969‐00 ,5,,3215 5232‐00 ,2,,3310 0307 ,6
3176 7970 ,3,,3215 8434 ,3,,3310 0309 ,8
3176 8149‐92 ,2,,3217 3909‐06 ,2,,3310 0312 ,7
3176 8149‐94 ,2,,3217 4636 ,1,,3310 0379 ,6
3176 8270 ,1,,3217 5502‐90 ,2,,3310 0383 ,2
3176 8406 ,2,,3217 5503‐90 ,1,,3310 0384 ,4
3176 8407 ,1,,3217 5504‐90 ,3,,3310 0385 ,3
3176 8483‐90 ,1,,3217 5505‐90 ,3,,3310 0403 ,2
3176 8505‐00 ,1,,3217 5528‐90 ,1,,3310 0404 ,3
3176 8507‐01 ,2,,3217 6292‐94 ,1,,3310 0417 ,6
3176 8670‐90 ,2,,3217 9023‐01 ,1,,3310 0481 ,5
3176 8681‐00 ,1,,3217 9026‐90 ,2,,3310 0482‐U ,4
3176 8681‐90 ,1,,3301 1268‐01 ,6,,3310 0540 ,4
3176 9119‐94 ,2,,3301 1414 ,1,,3310 0544‐,
3176 9155 ,1,,3301 1611‐01 ,3,,80‐U ,1
3176 9242‐00 ,1,,3301 1612 ,4,,3310 0545 ,1
3176 9242‐90 ,1,,3301 1613 ,6,,3310 0561 ,2
3176 9340‐00 ,1,,3301 3167 ,6,,3310 0567 ,5
3176 9341‐00 ,1,,3310 0100 ,2,,3310 0568 ,1
3176 9348‐00 ,1,,3310 0232 ,2,,3310 0570‐80 ,3
3176 9411‐02 ,2,,3310 0234 ,1,,3310 0572 ,1
3176 9469‐06 ,3,,3310 0235 ,2,,3310 0589 ,6
3176 9469‐12 ,1,,3310 0236 ,3,,3310 0592 ,1
3176 9576‐00 ,1,,3310 0237 ,1,,3310 0686‐,
,,,,,,80‐U ,1
3177 3031‐00 ,2,,3310 0247‐U ,1,,,
,,,,,,3310 0706‐90 ,5
3177 3127‐00 ,1,,3310 0249 ,3,,,
,,,,,,3310 1173‐00 ,1
3186 0151‐00 ,1,,3310 0251 ,3,,,
,,,,,,3310 1245‐00 ,1
3186 0152‐00 ,1,,3310 0252 ,4,,,
,,,,,,3315 0014 ,1
3186 0152‐90 ,1,,3310 0253 ,2,,,
,,,,,,3315 0189‐90 ,1
3186 0153‐00 ,2,,3310 0263 ,1,,,
,,,,,,3340 0174 ,1
3186 0153‐90 ,6,,3310 0266 ,1,,,
,,,,,,3360 0045 ,2
3186 0154‐00 ,1,,3310 0274 ,1,,,
,,,,,,3510 0143 ,3
3186 0158‐90 ,7,,3310 0275 ,1,,,
,,,,,,3510 0160 ,1
3186 0159‐01 ,2,,3310 0276 ,1,,,
,,,,,,3715 0282‐00 ,1
3186 0161‐00 ,2,,3310 0278 ,4,,,
,,,,,,3715 0505‐00 ,1
3186 0201‐04 ,1,,3310 0283 ,1,,,
,,,,,,3715 0936‐00 ,6
3201 0923‐80 ,2,,3310 0284 ,2,,,
,,,,,,4000 7146 ,2
3215 2482‐00 ,4,,3310 0286 ,1,,,
,,,,,,4101 3198 ,8
3215 4148‐00 ,1,,3310 0291 ,2,,,
,,,,,,4106 9007 ,10
,,"LC VOUGHT, ATLAS COPCO PARTS LIST, PAGE 12 ",,,,,
,,ATLAS COPCO PARTS LIST ,,,,,
Part Number ,Qty ,,Part Number ,Qty ,,Part Number ,Qty
4106 9258‐00 ,2,,4250 0735 ,1,,5021 0178 ,8
4110 0862‐01 ,1,,4250 1096 ,1,,5021 0180 ,6
4110 1118 ,1,,4350 1975 ,4,,5021 0181 ,8
4111 0104 ,1,,4350 2546‐00 ,1,,5021 0182 ,3
4150 0391‐90 ,1,,4406 3934 ,5,,5021 0183 ,3
4150 0562 ,4,,4406 6843 ,1,,5021 0184 ,5
4150 0533‐00 ,2,,4406 8965 ,2,,5021 0190 ,3
4150 0534‐00 ,4,,4450 0478 ,3,,5031 0230‐80 ,7
4150 0539‐00 ,1,,4450 0519 ,8,,5031 0235‐80 ,2
4150 0620‐00 ,1,,4450 0521 ,1,,5032 0145‐80 ,5
4150 0687‐00 ,1,,4450 0524 ,2,,5032 0146‐80 ,4
4170 0120 ,1,,4450 0547 ,1,,5032 0147 ,7
4170 0121 ,1,,4450 0752 ,3,,5032 0148 ,6
4170 0190 ,1,,4450 0764 ,1,,5032 0149 ,6
4170 0194 ,1,,4450 0767 ,1,,5032 0151 ,2
4170 0196 ,1,,4450 0796 ,2,,5032 0152 ,11
4170 0197 ,2,,4910 0221 ,1,,5032 0153 ,1
4170 0242 ,2,,4910 0256 ,5,,5032 0154 ,5
4170 0278 ,1,,4950 0297 ,2,,5032 0155‐84 ,1
4170 0283 ,2,,4950 0298 ,2,,5032 0155‐85 ,2
4170 0284 ,2,,4950 0314 ,2,,5032 0155‐86 ,4
4170 0337 ,2,,4950 0322 ,4,,5032 0156 ,3
4170 0374 ,2,,5000 0273 ,10,,5032 0160 ,6
4170 0375 ,6,,5000 0275 ,2,,5032 0161 ,1
4170 0376 ,1,,5000 0286 ,6,,5032 0164 ,1
4170 0380 ,1,,5000 0290 ,1,,5032 0165 ,2
4170 0663 ,2,,5000 0291 ,4,,5032 0245 ,2
4180 0397‐00 ,1,,5000 0295‐81 ,1,,5032 0246 ,2
4180 0399 ,1,,5019 6815 ,1,,5032 0247 ,4
4180 0400 ,5,,5021 0102‐90 ,8,,5032 0248 ,2
4180 0403 ,3,,5021 0108‐90 ,17,,5032 0251 ,2
4180 0404 ,6,,5021 0114 ,4,,5032 0252 ,6
4180 0408 ,5,,5021 0116‐U ,1,,5032 0253 ,11
4180 0418 ,2,,5021 0121 ,2,,5032 0254 ,3
4180 0419 ,4,,5021 0125 ,6,,5032 0255 ,5
4180 0420‐01 ,4,,5021 0152 ,4,,5032 0257 ,15
4180 0423 ,2,,5021 0160‐82 ,2,,5032 0258 ,5
4180 0424 ,1,,5021 0160‐83 ,2,,5032 0259 ,8
4250 0707 ,1,,5021 0161 ,2,,5032 0260 ,3
4520 0710‐90 ,1,,5021 0176 ,1,,5032 0261 ,10
,,"LC VOUGHT, ATLAS COPCO PARTS LIST, PAGE 13 ",,,,,
,,ATLAS COPCO PARTS LIST ,,,,,
Part Number ,Qty ,,Part Number ,Qty ,,Part Number ,Qty
5032 0262 ,5,,5042 0210 ,1,,5096 7232 ,4
5032 0263 ,3,,5042 0211 ,1,,5096 7846 ,2
5032 0264 ,2,,5042 0212 ,3,,5096 7875 ,4
5032 0265 ,2,,5042 0213 ,4,,5096 9686 ,6
5032 0269 ,2,,5042 0214 ,1,,5096 9932 ,11
5032 0270 ,1,,5042 0225 ,4,,5096 9937 ,41
5032 0273 ,2,,5042 0244 ,1,,5096 9957 ,50
5032 0275 ,4,,5051 0166 ,1,,5096 9981 ,26
5032 0276 ,2,,5052 0131 ,2,,5097 0105 ,4
5032 0277 ,6,,5053 0105‐00 ,6,,5097 0106 ,2
5032 0279 ,3,,5053 0108‐00 ,5,,5103 0321 ,3
5032 0315 ,7,,5054 0110 ,4,,5103 0414‐02 ,3
5032 0316 ,5,,5055 0126 ,4,,5103 0414‐03 ,99
5041 0122 ,3,,5091 4085 ,8,,5103 0414‐82 ,1
5041 0129 ,15,,5091 4363 ,2,,5103 0416‐U ,2
5041 0130 ,4,,5096 0211 ,6,,5103 0428 ,3
5041 0134 ,6,,5096 0496 ,20,,5103 0435 ,2
5041 0143 ,6,,5096 0497 ,20,,5103 0436 ,1
5041 0150 ,8,,5096 0849 ,19,,5103 0437 ,2
5041 0151 ,3,,5096 0850 ,10,,5103 0438 ,2
5041 0152 ,4,,5096 1020 ,9,,5103 0439 ,3
5041 0159 ,6,,5096 1463 ,6,,5103 0441‐U ,2
5041 0160 ,3,,5096 1467 ,2,,5103 0442 ,2
5042 0141‐81 ,5,,5096 1469 ,4,,5103 0531 ,9
5042 0148 ,14,,5096 1470 ,4,,5103 0561 ,3
5042 0149 ,3,,5096 1471 ,2,,5104 0126‐02 ,29
5042 0150‐U ,3,,5096 1472 ,3,,5104 0126‐03 ,28
5042 0155 ,3,,5096 1486 ,4,,5104 0126‐80 ,5
5042 0165‐83 ,1,,5096 1489 ,4,,5104 0145 ,2
5042 0166‐U ,2,,5096 1491 ,4,,5104 0158 ,3
5042 0167 ,11,,5096 1492 ,2,,5104 0151 ,2
5042 0168 ,2,,5096 1503 ,4,,5104 0160 ,5
5042 0170 ,2,,5096 1504 ,2,,5104 0162 ,4
5042 0171 ,2,,5096 2349 ,3,,5104 0164 ,2
5042 0173 ,2,,5096 3504 ,12,,5104 0165 ,5
5042 0199 ,3,,5096 3505 ,10,,5104 0171 ,4
5042 0202 ,2,,5096 3506 ,11,,5104 0179 ,7
5042 0203 ,4,,5096 3507 ,10,,5104 0183 ,2
5042 0205 ,17,,5096 4168 ,7,,5104 0184 ,6
5042 0206 ,2,,5096 5680 ,2,,5104 0186 ,5
,,"LC VOUGHT, ATLAS COPCO PARTS LIST, PAGE 14 ",,,,,
,,ATLAS COPCO PARTS LIST ,,,,,
Part Number ,Qty ,,Part Number ,Qty ,,Part Number ,Qty
5104 0187 ,1,,5104 0743 ,3,,5112 0470 ,1
5104 0188 ,4,,5104 0744 ,2,,5112 0493 ,1
5104 0189 ,5,,5104 0745 ,3,,5112 0518 ,2
5104 0201 ,4,,5104 0768 ,1,,5112 0519 ,1
5104 0201‐70 ,1,,5104 0770 ,1,,5112 0520 ,3
5104 0218 ,3,,5104 0774‐80 ,3,,5112 0521 ,4
5104 0219 ,1,,5104 0816 ,17,,5112 0523 ,3
5104 0228 ,2,,5104 0892 ,2,,5112 0526 ,1
5104 0229 ,2,,5105 0837 ,1,,5112 0529‐80 ,2
5104 0234 ,3,,5105 1144 ,4,,5112 0530 ,2
5104 0236 ,1,,5112 0102 ,1,,5112 0531 ,12
5104 0237‐80 ,14,,5112 0103 ,4,,5112 0532 ,2
5104 0248 ,1,,5112 0104 ,3,,5112 0533 ,9
5104 0259 ,1,,5112 0105 ,1,,5112 0534 ,9
5104 0277 ,2,,5112 0112 ,45,,5112 0535 ,2
5104 0278 ,8,,5112 0115 ,2,,5112 0536 ,2
5104 0280 ,3,,5112 0116 ,2,,5112 0537 ,2
5104 0281 ,6,,5112 0118 ,3,,5112 0538 ,2
5104 0284 ,1,,5112 0119 ,2,,5112 0539 ,4
5104 0287 ,2,,5112 0121 ,4,,5112 0543 ,2
5104 0289 ,10,,5112 0123 ,10,,5112 0546‐80 ,1
5104 0291 ,9,,5112 0132 ,3,,5112 0553 ,1
5104 0304 ,3,,5112 0133 ,4,,5112 0555 ,2
5104 0305 ,13,,5112 0134 ,6,,5112 0563 ,16
5104 0310 ,1,,5112 0135 ,29,,5112 0564 ,11
5104 0313 ,10,,5112 0136 ,5,,5112 0565 ,20
5104 0357 ,9,,5112 0167 ,6,,5112 0587 ,4
5104 0360 ,2,,5112 0203 ,1,,5112 0593 ,3
5104 0361 ,5,,5112 0248‐05 ,3,,5112 0595 ,5
5104 0377 ,1,,5112 0299 ,10,,5112 0713 ,9
5104 0397 ,2,,5112 0309 ,7,,5112 0836 ,25
5104 0401 ,1,,5112 0310 ,4,,5112 0846 ,11
5104 0434‐80 ,8,,5112 0311 ,2,,5112 0884 ,5
5104 0486 ,2,,5112 0312 ,11,,5112 0937 ,1
5104 0487 ,2,,5112 0313 ,4,,5112 0945‐80 ,3
5104 0501 ,2,,5112 0390 ,12,,5112 0955 ,7
5104 0511 ,3,,5112 0391 ,3,,5112 0985 ,3
5104 0522 ,2,,5112 0393 ,1,,5112 1047 ,1
5104 0527 ,21,,5112 0394 ,1,,5112 1048 ,3
5104 0729 ,8,,5112 0442 ,1,,5112 1052 ,2
,,"LC VOUGHT, ATLAS COPCO PARTS LIST, PAGE 15 ",,,,,
,,ATLAS COPCO PARTS LIST ,,,,,
Part Number ,Qty ,,Part Number ,Qty ,,Part Number ,Qty
5112 1053 ,1,,9000 0333‐00 ,6,,9125 9919‐00 ,4
5112 1062 ,12,,9000 0337 ,3,,9126 2053‐05 ,1
5112 1064 ,1,,9000 0339 ,2,,9126 6144‐00 ,4
5112 1068 ,4,,9000 0342 ,17,,9127 1995‐02 ,2
5112 1069 ,3,,9000 0343 ,1,,9127 1995‐05 ,2
5112 1076 ,1,,9000 0344 ,3,,9128 4732‐00 ,1
5112 1078 ,1,,9000 0352 ,8,,9128 5616‐00 ,1
5112 1121 ,2,,9000 0368 ,1,,9128 7344‐00 ,5
5112 1187 ,7,,9000 0483 ,2,,9128 7472‐00 ,4
5114 0774 ,5,,9000 0516 ,6,,9128 7747‐00 ,2
5114 0926 ,1,,9010 0014‐81 ,1,,9128 7987‐01 ,1
5114 1142 ,1,,9090 0507 ,7,,9128 8014‐05 ,4
5114 1144 ,3,,9090 1869‐90 ,4,,9210 0440‐80 ,1
5403 0770 ,45,,9120 0590‐61 ,1,,,
5532 8969‐00 ,1,,9120 0790‐03 ,5,,,
5540 0534 ,1,,9120 0790‐07 ,2,,,
5540 6118‐00 ,2,,9120 0790‐38 ,1,,,
5540 6479‐00 ,1,,9120 0790‐52 ,2,,,
6003 5593‐00 ,5,,9120 0990‐02 ,2,,,
7733 1051‐11 ,2,,9120 0990‐11 ,6,,,
8204 0930‐02 ,1,,9120 0990‐12 ,11,,,
8613 2441‐05 ,2,,9120 0990‐20 ,4,,,
9000 0026 ,2,,9120 0990‐31 ,9,,,
9000 0031 ,2,,9121 5506‐50 ,1,,,
9000 0032 ,9,,9121 5500‐23 ,3,,,
9000 0068 ,4,,9121 5506‐50 ,4,,,
9000 0098 ,17,,9121 5674‐50 ,9,,,
9000 0099 ,13,,9121 5674‐51 ,2,,,
9000 0101 ,1,,9121 5719‐50 ,2,,,
9000 0102 ,1,,9122 3638‐00 ,1,,,
9000 0103 ,14,,9122 4386‐50 ,1,,,
9000 0106 ,27,,9123 6688‐02 ,1,,,
9000 0302 ,2,,9124 3095 ,2,,,
9000 0321 ,1,,9124 9566‐00 ,1,,,
9000 0322 ,2,,9124 9991‐00 ,3,,,
9000 0323 ,5,,9125 6059‐00 ,12,,,
9000 0326 ,2,,9125 6300‐00 ,12,,,
9000 0327 ,6,,9125 6648‐00 ,10,,,
9000 0331 ,4,,9125 6897‐00 ,1,,,
9000 0332 ,2,,9125 9135‐00 ,,,,
,,"LC VOUGHT, ATLAS COPCO PARTS LIST, PAGE 16 ",,,,,
