,,CHICAGO PNEUMATIC DRILL PARTS ,,,,,
Part Number,Qty,,Part Number,Qty,,Part Number,Qty
R37 ,1,,R661 ,2,,FR1207 ,8
R38 ,2,,V674 ,13,,V1212 ,4
R40 ,7,,R685 ,2,,P1215 ,6
R42 ,6,,R701 ,1,,51FR1218 ,2
R48 ,1,,R702 ,6,,52FR1218 ,2
R88 ,4,,R720 ,2,,53FR1218 ,1
R89 ,1,,R722 ,4,,65FR1218 ,2
R92 ,52,,725B ,1,,67FR1218 ,99
R94 ,5,,R773 ,2,,70FR1218 ,5
R95 ,1,,R784 ,2,,P1231 ,1
R97 ,1,,R788 ,3,,P1246 ,1
R119 ,1,,S821 ,24,,P1247 ,9
R121 ,2,,S829 ,13,,FR1305 ,99
R125 ,8,,P921 ,1,,FR1314 ,3
R126 ,2,,J942 ,1,,FR1321 ,4
R127 ,6,,J944 ,2,,FR1323 ,20
R132 ,14,,P951 ,2,,FR1326 ,8
R142 ,1,,J952 ,5,,FR1328 ,6
397PS182 ,2,,J962 ,5,,59FR1330 ,1
R212 ,3,,J969 ,14,,68FR1330 ,1
J245 ,14,,S973 ,20,,76FR1330 ,1
S267 ,4,,J984 ,1,,139FR1330 ,1
R485 ,40,,P1005 ,1,,P1355 ,2
R504 ,3,,FJ001019 ,1,,P1361 ,58
R505 ,2,,J1032 ,3,,P1365 ,3
R526 ,50,,FR1105 ,1,,P1381 ,99
R527 ,7,,51FR1128 ,1,,S1385 ,1
R528 ,2,,9P1130 ,3,,FR1386 ,1
R530 ,2,,3PS1145 ,6,,J1386 ,8
R537 ,6,,8P1162 ,30,,P1389 ,2
R538 ,23,,FR1174 ,56,,P1399 ,1
R550 ,15,,FR1178 ,94,,J1401 ,2
1E562 ,5,,FR1179 ,79,,J1402 ,1
V587 ,9,,FR1180 ,99,,J1403 ,1
V590 ,6,,FR1187 ,87,,J1405 ,6
V592 ,3,,FR1188 ,1,,P1407 ,6
V593 ,15,,FR1189 ,745,,J1408 ,6
R608 ,1,,FR1191 ,99,,J1411 ,1
R609 ,1,,FR1192 ,20,,J1413 ,9
R617 ,4,,FR1196 ,6,,P1419 ,9
V619 ,4,,FR1198 ,2,,J1422 ,3
V638 ,6,,FR1206 ,10,,P1424 ,6
,,"LC VOUGHT, CHICAGO PNEUMATIC DRILL PARTS, PAGE 1 ",,,,,
,,CHICAGO PNEUMATIC DRILL PARTS ,,,,,
Part Number,Qty,,Part Number,Qty,,Part Number,Qty
J1431 ,1,,FJ1920 ,2,,J3004 ,1
J1433 ,1,,P1921 ,1,,J3005 ,1
J1439 ,1,,P1922 ,2,,J3006 ,7
J1440 ,1,,FJ1924 ,2,,J3007 ,1
J1442 ,7,,1P1926 ,1,,J3008 ,8
J1443 ,5,,P1929 ,6,,JA3010 ,1
,,,J1958 ,2,,J3013 ,7
,,,P1983 ,12,,J3014 ,11
P1444 ,4,,,,,,
,,,P1988 ,8,,J3016 ,26
J1445 ,5,,,,,,
,,,J1991 ,2,,J3017 ,18
J1448 ,10,,,,,,
,,,J1994 ,7,,J3018 ,7
J1456 ,5,,,,,,
,,,P2008 ,5,,FJ3022 ,5
J1459 ,1,,,,,,
,,,109P2028 ,2,,J3023 ,5
J1465 ,1,,,,,,
,,,110P2028 ,2,,J3025 ,2
J1466 ,2,,,,,,
,,,111P2028 ,2,,J3026 ,4
J1467 ,7,,,,,,
,,,113P2028 ,1,,1PS3026 ,1
P1500 ,1,,,,,,
,,,C2145 ,5,,72PS3026 ,1
P1501 ,1,,,,,,
,,,HC2145 ,2,,J3028 ,4
AFS1521 ,2,,,,,,
,,,C2150 ,1,,J3029 ,9
P1535 ,2,,,,,,
,,,HC2153 ,4,,J3030 ,7
P1550 ,1,,,,,,
,,,P2164 ,1,,J3032 ,2
P1628 ,2,,,,,,
,,,C2194 ,4,,J3033 ,6
P1631 ,4,,,,,,
,,,J2250 ,4,,J3034 ,7
P1641 ,4,,,,,,
,,,J2264 ,1,,J3037 ,10
P1662 ,17,,,,,,
,,,P2293 ,2,,J3038 ,38
P1768 ,26,,,,,,
,,,P2309 ,17,,J3042 ,6
P1799 ,2,,,,,,
,,,J2411 ,12,,J3043 ,1
P1814 ,1,,,,,,
,,,70P2427 ,4,,J3045 ,14
P1836 ,1,,,,,,
,,,53P2428 ,7,,J3049 ,7
P1843 ,17,,,,,,
,,,P2434 ,1,,J3050 ,2
P1846 ,1,,,,,,
,,,82PS2441 ,2,,J3051 ,10
P1853 ,16,,,,,,
,,,S2449 ,6,,J3052 ,2
P1873 ,6,,,,,,
,,,P2485 ,5,,J3053 ,2
P1885 ,6,,,,,,
,,,P2525 ,6,,J3054 ,3
P1887 ,34,,,,,,
,,,P2527 ,19,,J3055 ,3
P1903 ,1,,,,,,
,,,70PS2565 ,2,,J3057 ,1
P1909 ,3,,,,,,
,,,1PS2715 ,1,,J3058 ,1
75P1910 ,2,,,,,,
,,,1PS2 ,1,,J3059 ,2
P1911 ,1,,,,,,
,,,G2865 ,14,,J3060 ,3
P1915 ,4,,,,,,
,,,J3001 ,1,,J3061 ,1
J1918 ,1,,,,,,
,,,J3002 ,1,,J306131T ,5
J1919 ,1,,,,,,
,,,FJ3004 ,2,,J306161T ,1
,,"LC VOUGHT, CHICAGO PNEUMATIC DRILL PARTS, PAGE 2 ",,,,,
,,CHICAGO PNEUMATIC DRILL PARTS ,,,,,
Part Number,Qty,,Part Number,Qty,,Part Number,Qty
J3069 ,5,,J3256 ,1,,R4988 ,6
R3069 ,8,,J3283 ,5,,R5032 ,11
P3073 ,2,,P3292 ,4,,R5038 ,3
J3074 ,3,,J3312 ,1,,R5039 ,1
J3080 ,3,,J3313 ,1,,R5084 ,1
J30823 ,6,,J3317 ,6,,P5154 ,1
J3083 ,2,,J3319 ,2,,P5156 ,3
J3091 ,7,,2PS3346 ,1,,P5168 ,27
J3104 ,13,,62PS3346 ,2,,P5169 ,10
J3105 ,3,,66PS3346 ,2,,P5170 ,14
J3110 ,2,,52PS3367 ,1,,P5171 ,56
J3111 ,3,,1PS3369 ,4,,P5173 ,3
J3112 ,6,,51PS3369 ,2,,P5179 ,12
J3113 ,9,,1PS3436 ,1,,P5197 ,47
J3114 ,3,,CP3520 ,1,,P5198 ,1
J3115 ,3,,J3668 ,8,,P5234 ,2
J3116 ,7,,J3713 ,2,,P5246 ,1
J3117 ,12,,3877,2,,P5316 ,4
J3118 ,2,,S3880 ,26,,R5376 ,12
J3120 ,18,,S4041 ,16,,R5432 ,1
J3124 ,6,,S4079 ,99,,XP5445 ,4
J3130 ,4,,P4254 ,42,,R5456 ,3
J3135 ,5,,P4669 ,1,,S5494 ,1
J3136 ,5,,P4743 ,6,,R5583 ,3
J3137 ,1,,R4749 ,1,,R5584 ,1
J3167 ,2,,R4752 ,5,,R5598 ,1
J3168 ,2,,R4772 ,3,,R5617 ,12
FJ3169 ,1,,P4834 ,6,,R5670 ,6
J3169 ,3,,100PS4882 ,1,,R5684 ,1
J3170 ,3,,102PS4882 ,1,,R05713 ,18
J3171 ,3,,103PS4882 ,1,,R5716 ,1
J3172 ,1,,104PS4882 ,1,,R5717 ,2
J3173 ,38,,105PS4882 ,1,,R5719 ,2
J3174 ,5,,106PS4882 ,1,,R5721 ,8
J3175 ,30,,107PS4882 ,1,,R5722 ,12
J3176 ,1,,109PS4882 ,1,,R5724 ,1
J3177 ,6,,112PS4882 ,1,,R5725 ,1
J3178 ,3,,118PS4882 ,1,,R5727 ,1
J3183 ,17,,123PS4882 ,1,,R5728 ,6
J3186 ,5,,124PS4882 ,1,,R5743 ,4
J3187 ,15,,125PS4882 ,1,,R5744 ,10
J3255 ,1,,R4976 ,1,,R5753 ,1
,,"LC VOUGHT, CHICAGO PNEUMATIC DRILL PARTS, PAGE 3 ",,,,,
,,CHICAGO PNEUMATIC DRILL PARTS ,,,,,
Part Number,Qty,,Part Number,Qty,,Part Number,Qty
R5770 ,3,,S7684 ,20,,R9481 ,91
R5778 ,5,,S7697 ,6,,R9482 ,12
R5864 ,7,,S7703 ,70,,R9494 ,5
S5907 ,17,,May‐31 ,6,,P9567 ,1
R5930 ,2,,Sep‐31 ,10,,P9569 ,1
S5946 ,32,,13‐7831 ,4,,P9585 ,15
R5954 ,5,,P7835 ,3,,1‐009592 ,1
R5955 ,1,,P7923 ,3,,1‐009612 ,4
P5971 ,5,,S7963 ,7,,2‐009625 ,5
P5981 ,4,,P8010 ,2,,P9666 ,2
P5994 ,1,,P8013 ,1,,P9674 ,1
P6087 ,1,,P8014 ,2,,P9678 ,1
P6088 ,9,,P8016 ,1,,P9683 ,1
P6099 ,4,,S8020 ,2,,P9694 ,4
P6131 ,8,,P8068 ,1,,P9696 ,8
P6149 ,29,,A8277 ,24,,P9697 ,4
P6170 ,1,,P8411 ,1,,P9704 ,28
P6189 ,3,,C08440 ,12,,R9716 ,2
P6239 ,8,,H8469 ,1,,Jan‐73 ,3
P6315 ,9,,S8613 ,75,,P9836 ,3
P6342 ,1,,P8695 ,9,,P9837 ,1
P6346 ,1,,P8697 ,3,,P9841 ,5
P6539 ,1,,P8814 ,1,,P9873 ,1
P6541 ,1,,P8917 ,7,,P9875 ,2
P6698 ,1,,C8991 ,8,,C10022 ,4
P6725 ,7,,P8999 ,8,,C10038 ,37
P6749 ,13,,S9044 ,2,,C10046 ,12
P6756 ,1,,R9128 ,1,,R10247 ,2
P6757 ,1,,1‐009164 ,2,,S10279 ,52
P6759 ,13,,2‐009164 ,2,,C10389 ,1
P6835 ,3,,A9210 ,22,,4‐10521 ,6
P6847 ,4,,P9218 ,1,,C11005 ,8
C6910 ,4,,R9237 ,4,,C11017 ,11
S6920 ,62,,R9299 ,4,,C11046 ,7
P7180 ,1,,S9306 ,8,,C11049 ,19
P7198 ,1,,R9437 ,1,,C11058 ,1
P7345 ,2,,S9438 ,27,,C11059 ,99
C7520 ,3,,S9439 ,56,,C11060 ,5
S7653 ,6,,S9450 ,8,,C11061 ,2
S7663 ,15,,R9475 ,1,,C11062 ,16
S7670 ,7,,R9476 ,1,,C11070 ,50
R7674 ,2,,R9480 ,8,,C11092 ,3
,,"LC VOUGHT, CHICAGO PNEUMATIC DRILL PARTS, PAGE 4 ",,,,,
,,CHICAGO PNEUMATIC DRILL PARTS ,,,,,
Part Number,Qty,,Part Number,Qty,,Part Number,Qty
S11565 ,2,,S16765 ,17,,P28263 ,10
S11803 ,62,,S16810 ,2,,A30373 ,6
S11819 ,21,,S16817 ,3,,C30709 ,1
S12029 ,2,,S16821 ,1,,C33404 ,4
C12058 ,35,,S17069 ,1,,P33421 ,3
S12183 ,28,,S17334 ,7,,P33422 ,5
S12361 ,46,,S17510 ,6,,P33423 ,11
F12659 ,1,,S17660 ,5,,C34002 ,2
P12824 ,1,,S17679 ,18,,C34053 ,4
S13018 ,1,,S17689 ,5,,C34055 ,2
S13071 ,12,,C17789 ,11,,C34056 ,1
C13073 ,4,,S18042 ,2,,C34064 ,4
S13112 ,15,,S18060 ,6,,C35106 ,6
C13243 ,1,,1‐18087 ,2,,C35107 ,7
C13654 ,28,,S18180 ,5,,C35166 ,2
C13689 ,4,,H18636 ,3,,C35172 ,2
C13692 ,2,,P18717 ,5,,C35341 ,1
C13702 ,9,,P18725 ,1,,C35375 ,12
C14040 ,17,,S18730 ,2,,C35390 ,2
C14042 ,10,,S18822 ,3,,C35647 ,1
C14055 ,6,,S18828 ,1,,F35778 ,6
C14063 ,16,,S18957 ,2,,C35936 ,11
C14143 ,80,,S18958 ,14,,C35942 ,2
S14227 ,1,,C19012 ,1,,C35953 ,1
S14490 ,12,,S21215 ,1,,C35980 ,6
S14492 ,25,,S21306 ,1,,C36026 ,48
S14493 ,3,,22165A ,1,,C36047 ,1
S14714 ,5,,R22351 ,2,,C36075 ,7
1‐14808 ,2,,S23071 ,18,,C36084 ,4
S14838 ,5,,S23190 ,1,,C36235 ,6
S15116 ,2,,S25055 ,2,,C36364 ,53
1‐15120 ,22,,S25101 ,4,,C36430 ,11
S15150 ,4,,S25102 ,2,,C36459 ,7
C15155 ,3,,S25115 ,4,,C36468 ,35
C15156 ,11,,S25326 ,9,,C36642 ,12
C15391 ,2,,2‐25349 ,1,,C36716 ,10
S15604 ,2,,US25392 ,5,,C36720 ,5
S15798 ,1,,S26055 ,3,,C36737 ,1
S15879 ,13,,S26087 ,1,,C36738 ,1
S15941 ,8,,R26732 ,2,,C36746 ,4
S16067 ,4,,H27403 ,1,,C36836 ,2
S16313 ,5,,F27991 ,3,,C36838 ,5
,,"LC VOUGHT, CHICAGO PNEUMATIC DRILL PARTS, PAGE 5 ",,,,,
,,CHICAGO PNEUMATIC DRILL PARTS ,,,,,
Part Number,Qty,,Part Number,Qty,,Part Number,Qty
C36846 ,7,,C37397 ,2,,S38788 ,1
C36875 ,10,,C37416 ,10,,S38799 ,5
C36876 ,2,,C37468 ,1,,C38815 ,23
C36880 ,13,,C37486 ,1,,C38818 ,6
C36885 ,5,,C37489 ,9,,US38843 ,1
C36890 ,2,,C37494 ,7,,C38920 ,1
C36892 ,2,,C37535 ,5,,C38941 ,1
C36895 ,6,,C37700 ,21,,US39059 ,2
C36900 ,2,,F37789 ,22,,US39075 ,1
C36915 ,3,,F37790 ,9,,C39080 ,2
C36916 ,4,,C37811 ,4,,C39081 ,2
C36918 ,2,,C37842 ,4,,C39082 ,2
C36946 ,2,,C37861 ,6,,C39083 ,3
C36947 ,2,,C37864 ,1,,US39122 ,4
C36954 ,10,,C37867 ,22,,C39133 ,22
C36962 ,4,,C37893 ,10,,US39158 ,14
C37061 ,1,,C37894 ,2,,S39210 ,5
C37062 ,46,,C37948 ,5,,US39215 ,7
C37066 ,8,,C38056 ,6,,C39252 ,5
C37067 ,12,,US038061 ,1,,C39253 ,1
C37076 ,8,,C38192 ,3,,C39279 ,1
C37077 ,1,,S38195 ,13,,C39297 ,1
C37078 ,11,,C38213 ,2,,S39309 ,1
C37080 ,4,,C38214 ,2,,C39339 ,1
C37081 ,1,,C38279 ,2,,C39399 ,2
C37082 ,9,,C38347 ,16,,C39419 ,2
C37118 ,22,,C38516 ,1,,C39438 ,60
C37155 ,1,,C38524 ,3,,C39441 ,2
C37166 ,1,,C38536 ,2,,C39452 ,3
C37268 ,70,,C38556 ,9,,C39453 ,1
C37276 ,4,,S38613 ,9,,C39475 ,1
C37283 ,4,,US38618 ,1,,C39533 ,2
C37284 ,1,,US38623 ,1,,S39558 ,4
C37292 ,5,,US38624 ,1,,C39565 ,1
C37295 ,5,,S38639 ,37,,C39579 ,6
C37296 ,3,,US38650 ,2,,C39584 ,52
C37349 ,5,,US38654 ,1,,US39659 ,2
C37386 ,7,,VC38682 ,3,,C39704 ,1
C37389 ,1,,C38683 ,14,,C39706 ,1
C37394 ,2,,VC38688 ,3,,C39719 ,12
C37395 ,1,,C38738 ,4,,S39915 ,1
C37396 ,2,,S38786 ,6,,C39931 ,6
,,"LC VOUGHT, CHICAGO PNEUMATIC DRILL PARTS, PAGE 6 ",,,,,
,,CHICAGO PNEUMATIC DRILL PARTS ,,,,,
Part Number,Qty,,Part Number,Qty,,Part Number,Qty
C39939 ,1,,C41607 ,2,,C42718 ,7
C39980 ,34,,C41609 ,1,,C42719 ,5
C40018 ,1,,C41611 ,2,,C42720 ,9
C40022 ,7,,CA41644 ,1,,C42721 ,6
C40042 ,1,,R41685 ,1,,C42722 ,17
R40132 ,1,,C41698 ,6,,C42724 ,5
S40134 ,10,,R41751 ,30,,C42729 ,3
C40159 ,6,,R41752 ,36,,C42730 ,4
C40180 ,5,,C41772 ,3,,C42731 ,1
C40188 ,1,,C41773 ,1,,C42732 ,15
R40238 ,1,,C41776 ,1,,C42733 ,21
FR40239 ,1,,A41793 ,13,,C42735 ,2
R40241 ,3,,A41797 ,41,,C42736 ,1
R40245 ,1,,C41814 ,3,,FR42786 ,1
R40282 ,2,,FR41932 ,1,,C42787 ,4
R40292 ,4,,FR41933 ,11,,P42792 ,5
FR40293 ,3,,P42148 ,1,,FR42854 ,2
S40294 ,2,,R42161 ,2,,FR42873 ,9
R40470 ,1,,R42162 ,1,,FR42878 ,2
R40474 ,4,,C42233 ,16,,FR42894 ,3
FR40477 ,1,,C42234 ,99,,A43000 ,5
R40485 ,1,,R42235 ,1,,A43001 ,99
R40486 ,6,,R42236 ,1,,C43008 ,1
R40488 ,4,,C42306 ,4,,C43127 ,4
R40489 ,3,,C42481 ,1,,P43138 ,3
R40498 ,8,,C42483 ,1,,C43142 ,1
R40593 ,5,,C42484 ,1,,C43148 ,2
X40611 ,3,,C42516 ,5,,C43154 ,12
R40635 ,2,,FR42570 ,1,,C43163 ,14
FR40653 ,3,,FR42571 ,1,,C43168 ,1
FR40682 ,2,,P42627 ,13,,C43216 ,6
FR40683 ,2,,R42641 ,4,,C43217 ,1
C41014 ,1,,R42692 ,1,,A43222 ,6
R41073 ,3,,C42702 ,25,,C43273 ,69
C41093 ,9,,C42707 ,15,,C43299 ,5
R41191 ,1,,C42708 ,73,,P43309 ,2
R41192 ,1,,C42711 ,3,,FR43315 ,4
R41219 ,4,,C42712 ,12,,C43359 ,1
C41288 ,1,,C42713 ,13,,C43360 ,1
R41323 ,3,,C42714 ,6,,C43368 ,17
C41555 ,3,,C42715 ,43,,C43370 ,13
C41604 ,3,,C42716 ,10,,C43374 ,13
,,"LC VOUGHT, CHICAGO PNEUMATIC DRILL PARTS, PAGE 7 ",,,,,
,,CHICAGO PNEUMATIC DRILL PARTS ,,,,,
Part Number,Qty,,Part Number,Qty,,Part Number,Qty
C43376 ,2,,CA45399 ,3,,CA46168 ,5
C43378 ,20,,P45432 ,1,,CA46170 ,7
C43379 ,19,,P45523 ,16,,CA46175 ,3
C43388 ,2,,C45531 ,16,,CA46184 ,2
C43395 ,4,,C45542 ,1,,CA46189 ,1
C43396 ,1,,C45544 ,1,,CA46190 ,30
C43398 ,2,,C45547 ,3,,CA46191 ,2
C43399 ,5,,C45548 ,1,,CA46246 ,1
C43401 ,1,,C45656 ,2,,CA46254 ,1
P43480 ,4,,C45657 ,9,,CA46256 ,2
C43495 ,7,,C45659 ,1,,CA46351 ,1
C43593 ,2,,C45660 ,6,,C46413 ,1
A43627 ,18,,C45661 ,4,,C46436 ,1
R43649 ,1,,C45662 ,8,,C46441 ,1
C43679 ,3,,C45663 ,13,,C46455 ,2
C43691 ,36,,C45664 ,9,,C46457 ,2
C43692 ,4,,C45665 ,9,,C46464 ,99
C43695 ,3,,C45666 ,7,,C46470 ,6
C43698 ,50,,C45669 ,11,,C46471 ,99
C43738 ,9,,C45670 ,2,,C46473 ,2
C43739 ,33,,C45671 ,4,,C46474 ,3
CA43740 ,4,,C45676 ,4,,C46477 ,3
R43753 ,1,,C45680 ,12,,C46481 ,4
R43754 ,1,,C45689 ,99,,C46487 ,1
R43758 ,5,,C45691 ,1,,C46488 ,5
P43875 ,1,,C45697 ,18,,C46490 ,2
C43890 ,1,,C45699 ,18,,CA46498 ,10
C43927 ,2,,C45700 ,3,,CA46540 ,6
C43979 ,17,,C45707 ,7,,C46550 ,2
C45058 ,2,,C45724 ,4,,CA46568 ,14
R45194 ,4,,C45786 ,22,,C46572 ,13
CA45292 ,20,,C45789 ,25,,C46596 ,9
CA45293 ,10,,C45790 ,5,,C46602 ,5
CA45294 ,15,,C45791 ,1,,CA46613 ,54
CA45295 ,2,,C45835 ,2,,C46638 ,2
CA45296 ,5,,FR45873 ,8,,C46678 ,2
CA45297 ,1,,H45897 ,8,,C46679 ,2
C45368 ,1,,CA45901 ,13,,CA46690 ,2
R45371 ,4,,R45914 ,14,,CA46691 ,6
R45372 ,7,,A46050 ,2,,P46705 ,63
C45380 ,10,,A46073 ,6,,C46725 ,27
C45383 ,7,,A46096 ,6,,P46745 ,4
,,"LC VOUGHT, CHICAGO PNEUMATIC DRILL PARTS, PAGE 8 ",,,,,
,,CHICAGO PNEUMATIC DRILL PARTS ,,,,,
Part Number,Qty,,Part Number,Qty,,Part Number,Qty
H46755 ,4,,C47877 ,2,,CA48565 ,6
C46783 ,3,,C47950 ,3,,CA48569 ,27
C46855 ,5,,C47951 ,2,,CA48591 ,99
C46858 ,32,,R47958 ,2,,C48607 ,1
C46860 ,10,,R47959 ,3,,C48625 ,3
C46861 ,8,,R47960 ,1,,C48845 ,8
C46862 ,1,,R47961 ,5,,C48846 ,27
C46863 ,1,,R47962 ,4,,C48869 ,2
C46949 ,9,,R47963 ,1,,C49317 ,2
C46977 ,3,,R47965 ,15,,C49481 ,12
C46983 ,2,,R47966 ,1,,C49518 ,2
C46994 ,23,,R47967 ,2,,C49525 ,25
A47073 ,5,,CA48063 ,1,,C49526 ,12
A047074 ,2,,A48164 ,5,,C49527 ,2
A47096 ,4,,A48165 ,59,,C49530 ,10
C47451 ,6,,A48166 ,10,,C49532 ,1
C47476 ,5,,A48167 ,5,,C49533 ,14
FR47531 ,10,,A48200 ,6,,C49537 ,5
FR47532 ,13,,A48201 ,3,,R49585 ,2
FR47533 ,1,,A48202 ,1,,R49693 ,3
C47556 ,15,,CA48363 ,3,,R49695 ,1
R47559 ,1,,C48412 ,1,,R49854 ,99
R47568 ,5,,C48425 ,2,,R49855 ,99
R47569 ,24,,CA48427 ,2,,P49869 ,1
R47570 ,51,,CA48428 ,2,,P49871 ,1
R47571 ,19,,CA48429 ,3,,FR49882 ,1
R47574 ,5,,CA48434 ,1,,CA50050 ,5
R47586 ,59,,CA48436 ,14,,A50261 ,1
C47619 ,1,,CA48437 ,1,,A50262 ,1
C47620 ,1,,CA48449 ,3,,A50268 ,9
C47632 ,9,,CA48451 ,12,,C50270 ,4
C47633 ,4,,CA48469 ,3,,CA50319 ,3
CA47653 ,1,,C48484 ,2,,CA50406 ,1
C47663 ,7,,C48486 ,4,,R50426 ,74
CA47736 ,1,,C48488 ,2,,R50427 ,19
CA47740 ,2,,C48492 ,1,,R50428 ,7
CA47741 ,3,,C48495 ,10,,R50429 ,24
CA47743 ,1,,R48535 ,16,,R50430 ,20
P47769 ,1,,CA48546 ,2,,R50431 ,19
P47807 ,6,,CA48558 ,1,,C50432 ,99
R47862 ,22,,CA48559 ,1,,R50433 ,24
R47863 ,20,,CA48564 ,4,,R50434 ,18
,,"LC VOUGHT, CHICAGO PNEUMATIC DRILL PARTS, PAGE 9 ",,,,,
,,CHICAGO PNEUMATIC DRILL PARTS ,,,,,
Part Number,Qty,,Part Number,Qty,,Part Number,Qty
R50435 ,30,,R51358 ,3,,FR53466 ,7
C50437 ,18,,C51371 ,2,,C53484 ,2
C50587 ,5,,C51427 ,1,,C53488 ,1
C50588 ,19,,C51489 ,1,,C53490 ,3
C50598 ,63,,C51492 ,1,,C53492 ,1
C50609 ,5,,C51495 ,4,,P53510 ,4
CA50648 ,1,,C51531 ,4,,P53512 ,6
CA50650 ,1,,C51532 ,13,,P53515 ,99
C50675 ,3,,C51533 ,2,,P53524 ,12
C50678 ,1,,C51534 ,2,,P53529 ,5
CA50751 ,5,,C51536 ,3,,P53676 ,37
P50832 ,1,,C51538 ,2,,C53709 ,4
C50847 ,3,,C51539 ,7,,C53711 ,1
R50894 ,15,,C51540 ,8,,C53727 ,9
P50934 ,15,,C51541 ,8,,C53740 ,99
C50958 ,2,,C51542 ,3,,FR53750 ,2
C50961 ,2,,C51703 ,75,,US53788 ,5
C50962 ,5,,C51704 ,1,,C53798 ,5
C50964 ,6,,C51745 ,1,,P53838 ,1
C50965 ,2,,FR51894 ,40,,P53852 ,2
C50966 ,2,,FR51895 ,9,,A053889 ,2
A51041 ,1,,FR51897 ,16,,R53890 ,3
CA51091 ,1,,P52001 ,1,,R53892 ,3
FR51115 ,2,,P52002 ,82,,R53893 ,1
FR51116 ,2,,C52030 ,12,,FR53895 ,1
FR51117 ,1,,C52070 ,10,,CA53902 ,1
FR51120 ,3,,C52094 ,1,,C53925 ,2
FR51122 ,1,,C52142 ,10,,R54028 ,11
FR51123 ,4,,R52230 ,1,,R54073 ,20
FR51124 ,2,,CA52244 ,35,,R54075 ,99
FR51125 ,6,,R52320 ,3,,R54076 ,99
FR51128 ,22,,C52373 ,2,,R54078 ,97
FR51129 ,1,,CA52374 ,4,,R54079 ,48
FR51131 ,1,,CA52537 ,1,,R54080 ,99
FR51132 ,1,,C52671 ,1,,R54082 ,55
FR51252 ,8,,C52672 ,20,,R54085 ,10
C51331 ,14,,C52673 ,2,,R54086 ,6
R51348 ,1,,P52754 ,1,,R54089 ,29
R51349 ,1,,P52878 ,80,,R54090 ,9
R51352 ,6,,P52880 ,1,,R54091 ,8
R51353 ,1,,C53416 ,1,,R54092 ,1
R51355 ,3,,C53418 ,1,,R54094 ,29
,,"LC VOUGHT, CHICAGO PNEUMATIC DRILL PARTS, PAGE 10 ",,,,,
,,CHICAGO PNEUMATIC DRILL PARTS ,,,,,
Part Number,Qty,,Part Number,Qty,,Part Number,Qty
R54095 ,55,,C55702 ,1,,XC57132 ,10
R54096 ,6,,C55705 ,5,,XC57133 ,8
R54098 ,99,,R55818 ,3,,XC57134 ,11
R54099 ,32,,C55857 ,3,,R57214 ,8
R54101 ,3,,C55859 ,1,,C57422 ,4
R54104 ,99,,C55862 ,2,,CA57494 ,2
FR54106 ,4,,US55875 ,5,,C57552 ,4
C54141 ,1,,P55974 ,1,,C57553 ,13
R54153 ,3,,P55975 ,1,,C57558 ,1
P54184 ,2,,C56112 ,5,,P57588 ,20
P54187 ,1,,P56138 ,16,,C58018 ,8
C54266 ,5,,P56139 ,24,,CA58169 ,1
C54298 ,54,,P56141 ,18,,CA58170 ,4
C54445 ,2,,C56225 ,99,,CA58172 ,3
P54479 ,1,,CA56259 ,1,,CA58175 ,6
P54480 ,1,,C56287 ,2,,CA58176 ,9
C54485 ,3,,P56380 ,24,,CA58177 ,9
C54861 ,1,,C56611 ,2,,CA58178 ,1
C54865 ,12,,C56656 ,2,,CA58184 ,5
C54866 ,5,,C56659 ,4,,CA58185 ,4
C54875 ,12,,C56663 ,22,,CA58189 ,9
C54897 ,99,,C56667 ,25,,C58195 ,1
R54976 ,7,,C56669 ,8,,C58270 ,16
CA55009 ,20,,C56670 ,11,,C58410 ,4
C55019 ,1,,C56671 ,26,,C58412 ,9
C55022 ,1,,C56672 ,1,,C58413 ,6
C55023 ,1,,FR56710 ,3,,C58414 ,1
C55024 ,1,,C56755 ,1,,C58415 ,4
CA55031 ,2,,FR56762 ,1,,C58416 ,2
CA55036 ,13,,FR56773 ,3,,R58655 ,1
CA55059 ,1,,R56810 ,9,,R58656 ,1
C55106 ,5,,FR56811 ,3,,C58956 ,2
CA55222 ,20,,C56848 ,2,,C58974 ,15
CA55282 ,1,,C56849 ,2,,C58975 ,34
C55488 ,3,,C56851 ,6,,C58976 ,26
C55499 ,2,,C56853 ,10,,C58977 ,6
FR55597 ,2,,C56854 ,11,,C58978 ,7
C55676 ,1,,C56858 ,3,,C58979 ,8
C55679 ,6,,C56860 ,7,,C58980 ,16
C55684 ,5,,C56974 ,7,,C58981 ,7
C55700 ,1,,C56999 ,2,,C58984 ,99
C55701 ,11,,XC57024 ,1,,CA59034 ,1
,,"LC VOUGHT, CHICAGO PNEUMATIC DRILL PARTS, PAGE 11 ",,,,,
,,CHICAGO PNEUMATIC DRILL PARTS ,,,,,
Part Number,Qty,,Part Number,Qty,,Part Number,Qty
CA59037 ,1,,C59909 ,27,,C61442 ,21
C59218 ,1,,C59910 ,18,,C61460 ,16
C59240 ,1,,C59911 ,2,,C61463 ,99
C59369 ,1,,C59912 ,13,,C61475 ,2
C59379 ,3,,C59916 ,1,,C61476 ,14
CA59382 ,38,,P59919 ,99,,C61486 ,55
C59395 ,2,,C59950 ,6,,C61487 ,5
C59398 ,3,,C60017 ,6,,C61507 ,2
C59399 ,8,,C60031 ,36,,C61513 ,3
C59403 ,4,,C60033 ,2,,S61616 ,11
C59408 ,15,,C60044 ,5,,S61798 ,19
C59414 ,6,,C60046 ,4,,C61870 ,7
C59418 ,10,,S60105 ,18,,F61888 ,9
C59419 ,6,,C60295 ,3,,C61901 ,11
C59420 ,8,,C60297 ,2,,C62112 ,1
C59422 ,3,,C60306 ,2,,C62116 ,65
C59423 ,7,,C60315 ,11,,C62118 ,23
C59425 ,4,,C60364 ,2,,S62167 ,2
CA59426 ,9,,C60374 ,7,,C62241 ,1
C59436 ,2,,C60448 ,2,,C62247 ,1
C59438 ,1,,S60454 ,1,,S62282 ,2
C59439 ,6,,S60486 ,3,,C62327 ,1
C59440 ,6,,C60506 ,7,,C62531 ,7
C59441 ,6,,C60508 ,2,,S62558 ,10
C59442 ,35,,C60512 ,3,,US62664 ,21
C59443 ,7,,C60542 ,23,,US62668 ,4
C59444 ,8,,C60550 ,1,,S62777 ,10
C59447 ,3,,C60551 ,15,,C62963 ,8
C59449 ,4,,C60651 ,12,,S63228 ,5
C59450 ,12,,S60756 ,2,,C63237 ,2
C59451 ,3,,US60899 ,3,,C63255 ,4
C59452 ,4,,US60919 ,7,,C63435 ,7
C59453 ,4,,C61078 ,4,,US63550 ,5
C59455 ,2,,C61173 ,7,,C63750 ,1
C59462 ,5,,C61181 ,13,,C63751 ,1
C59643 ,1,,C61340 ,2,,C63754 ,1
C59901 ,5,,C61341 ,3,,C63756 ,8
C59904 ,6,,C61342 ,7,,C63757 ,37
C59905 ,1,,C61378 ,3,,C63760 ,1
C59906 ,2,,C61382 ,2,,C63761 ,4
C59907 ,3,,C61384 ,1,,C63763 ,1
C59908 ,7,,C61441 ,10,,C63765 ,4
,,"LC VOUGHT, CHICAGO PNEUMATIC DRILL PARTS, PAGE 12 ",,,,,
,,CHICAGO PNEUMATIC DRILL PARTS ,,,,,
Part Number,Qty,,Part Number,Qty,,Part Number,Qty
C63770 ,12,,S65243 ,1,,C66167 ,2
C63789 ,1,,C65315 ,11,,C66201 ,10
C63833 ,20,,C65316 ,6,,C66202 ,28
C63836 ,17,,C65318 ,6,,C66268 ,7
C63896 ,1,,C65330 ,65,,S66271 ,3
C63913 ,1,,C65332 ,7,,C66309 ,2
C64010 ,13,,C65333 ,42,,C66311 ,4
C64011 ,2,,C65334 ,27,,C66316 ,1
C64078 ,2,,C65335 ,18,,C66321 ,3
S64187 ,1,,C65336 ,10,,C66330 ,6
C64191 ,1,,C65338 ,11,,C66342 ,7
S64192 ,12,,C65339 ,2,,C66363 ,6
C64318 ,2,,C65340 ,14,,C66492 ,2
C64319 ,2,,C65341 ,4,,C66511 ,3
C64323 ,1,,C65342 ,7,,C66633 ,1
S64484 ,1,,C65343 ,11,,C66634 ,1
S64490 ,2,,C65344 ,5,,C66637 ,1
VS64505 ,1,,C65345 ,5,,C66645 ,25
S64530 ,1,,C65347 ,2,,C66826 ,17
C64598 ,11,,C65350 ,1,,C66828 ,4
C64599 ,19,,C65353 ,4,,C66831 ,5
C64602 ,5,,C65358 ,5,,C66833 ,2
C64603 ,13,,C65376 ,12,,C66835 ,17
C64604 ,24,,C65380 ,12,,S66838 ,2
C64608 ,41,,C65382 ,12,,US66842 ,1
C64609 ,9,,C65383 ,25,,C66870 ,2
C64626 ,4,,S65412 ,3,,C66871 ,47
C64629 ,2,,C65663 ,6,,C66872 ,2
C64636 ,61,,C65682 ,1,,C66874 ,7
C64638 ,9,,C65683 ,7,,C66875 ,5
C64639 ,7,,C65782 ,3,,C66877 ,4
S64736 ,1,,C65785 ,9,,C66878 ,2
C64755 ,1,,C65786 ,11,,C66883 ,3
C64763 ,1,,C65890 ,2,,C66884 ,2
C64806 ,26,,C65891 ,1,,C66887 ,7
S64813 ,4,,C65949 ,17,,C66891 ,1
C64869 ,1,,S66059 ,3,,C66892 ,1
C65015 ,6,,S66066 ,3,,C66893 ,2
C65060 ,12,,C66117 ,4,,C66895 ,11
C65071 ,5,,C66135 ,14,,C66897 ,2
S65223 ,1,,C66137 ,5,,C66899 ,1
C65235 ,4,,C66140 ,18,,C66900 ,3
,,"LC VOUGHT, CHICAGO PNEUMATIC DRILL PARTS, PAGE 13 ",,,,,
,,CHICAGO PNEUMATIC DRILL PARTS ,,,,,
Part Number,Qty,,Part Number,Qty,,Part Number,Qty
C66901 ,6,,S67900 ,4,,C68684 ,2
C66903 ,14,,S67902 ,39,,C68716 ,17
C66905 ,5,,S67903 ,2,,C68717 ,2
C66909 ,7,,S67928 ,9,,C68718 ,1
C66911 ,8,,S67929 ,8,,C68721 ,8
C66915 ,4,,C67974 ,11,,C68724 ,59
C66958 ,2,,C67978 ,8,,C68728 ,1
C66968 ,6,,C68064 ,38,,C68729 ,10
S67097 ,1,,C68086 ,7,,S68790 ,2
S67100 ,1,,C68163 ,24,,C68795 ,2
S67101 ,1,,C68383 ,4,,C68799 ,2
C67121 ,63,,C68423 ,21,,C68801 ,10
S67228 ,9,,C68454 ,8,,C68824 ,1
S67366 ,1,,C68493 ,11,,C68916 ,9
C67373 ,1,,C68627 ,1,,C68989 ,20
C67380 ,1,,C68635 ,5,,C68990 ,7
C67398 ,7,,C68637 ,2,,C68991 ,5
C67409 ,28,,C68639 ,24,,C68992 ,4
C67411 ,1,,C68642 ,3,,C68996 ,5
C67412 ,4,,C68643 ,14,,C68998 ,2
C67413 ,5,,C68644 ,2,,C68999 ,10
C67417 ,3,,C68645 ,3,,C69001 ,15
C67421 ,1,,C68648 ,26,,C69004 ,4
C67425 ,19,,C68649 ,37,,C69007 ,1
C67426 ,4,,C68651 ,69,,C69008 ,1
C67429 ,2,,C68652 ,14,,C69009 ,14
C67433 ,3,,C68653 ,3,,C69010 ,2
C67436 ,16,,C68654 ,9,,C69011 ,17
C67440 ,5,,C68656 ,9,,C69012 ,14
C67441 ,2,,C68659 ,4,,C69014 ,1
C67634 ,2,,C68661 ,2,,C69016 ,5
S67647 ,20,,C68662 ,2,,C69017 ,1
C67826 ,10,,C68664 ,2,,C69046 ,35
C67827 ,6,,C68666 ,21,,C69047 ,1
C67828 ,80,,C68667 ,2,,C69065 ,1
C67854 ,17,,C68668 ,2,,C69066 ,6
C67857 ,7,,C68669 ,13,,C69081 ,12
C67874 ,2,,C68670 ,3,,C69083 ,99
C67875 ,17,,C68671 ,20,,C69085 ,60
S67897 ,8,,C68672 ,21,,C69086 ,3
S67898 ,4,,C68675 ,3,,C69088 ,10
S67899 ,60,,C68676 ,1,,C69089 ,9
,,"LC VOUGHT, CHICAGO PNEUMATIC DRILL PARTS, PAGE 14 ",,,,,
,,CHICAGO PNEUMATIC DRILL PARTS ,,,,,
Part Number,Qty,,Part Number,Qty,,Part Number,Qty
C69090 ,1,,C69949 ,11,,P71008 ,1
C69093 ,2,,C69953 ,3,,P71011 ,4
C69096 ,1,,C69955 ,1,,P71014 ,8
C69098 ,16,,C69956 ,5,,P71083 ,2
C69099 ,52,,C69959 ,15,,P71084 ,4
C69104 ,2,,C69985 ,4,,P71107 ,5
C69105 ,8,,P70004 ,5,,P71109 ,7
C69107 ,14,,P70005 ,5,,P71127 ,3
C69111 ,6,,R70102 ,1,,P71167 ,1
C69139 ,6,,R70103 ,1,,P71203 ,2
C69155 ,1,,R70104 ,1,,P71205 ,3
C69162 ,5,,R70111 ,1,,P71206 ,8
C69174 ,5,,R70114 ,1,,P71207 ,1
C69221 ,1,,P70119 ,3,,P71318 ,23
C69264 ,43,,P70122 ,1,,P71325 ,3
C69389 ,2,,P70136 ,2,,P71350 ,1
C69390 ,5,,P70316 ,1,,P71351 ,4
C69391 ,9,,P70326 ,4,,P71352 ,4
C69430 ,1,,P70327 ,1,,P71355 ,1
C69450 ,1,,P70425 ,48,,R71413 ,2
S69454 ,4,,P70429 ,30,,C71613 ,44
S69455 ,3,,P70552 ,5,,G71660 ,20
C69458 ,8,,P70556 ,3,,G71663 ,2
C69460 ,7,,P70557 ,1,,G71667 ,3
C69479 ,3,,P70578 ,39,,C71677 ,3
C69487 ,1,,P70719 ,24,,G71685 ,2
C69511 ,1,,P70722 ,6,,P71754 ,6
S69682 ,5,,P70733 ,11,,P71898 ,1
C69700 ,4,,P70772 ,5,,P71918 ,1
US69709 ,1,,P70779 ,15,,P71926 ,1
US69711 ,3,,P70780 ,78,,P71994 ,8
S69780 ,4,,P70805 ,2,,P71996 ,13
C69806 ,2,,P70913 ,6,,P72029 ,2
C69815 ,5,,P70914 ,10,,P72118 ,2
C69816 ,6,,P70915 ,9,,P72130 ,2
C69820 ,9,,P70952 ,5,,G72174 ,1
C69823 ,1,,P70963 ,3,,P72181 ,5
C69825 ,11,,P70976 ,2,,P72332 ,6
C69826 ,4,,P70994 ,41,,P72333 ,6
C69836 ,36,,P71003 ,43,,P72334 ,6
P69837 ,3,,P71005 ,2,,A72355 ,9
C69948 ,7,,P71006 ,1,,P72359 ,24
,,"LC VOUGHT, CHICAGO PNEUMATIC DRILL PARTS, PAGE 15 ",,,,,
,,CHICAGO PNEUMATIC DRILL PARTS ,,,,,
Part Number,Qty,,Part Number,Qty,,Part Number,Qty
P72432 ,5,,P74317 ,3,,R75263 ,1
P72433 ,5,,P74318 ,2,,R75265 ,1
H72480 ,6,,P74320 ,2,,R75267 ,3
P72927 ,1,,H74372 ,11,,R75420 ,1
C72932 ,6,,H74373 ,5,,R75449 ,15
P73018 ,1,,P74448 ,7,,R75453 ,2
C73019 ,2,,P74498 ,7,,R75457 ,3
P73022 ,1,,P74663 ,12,,R75458 ,1
P73025 ,9,,P74667 ,27,,R75460 ,1
P73028 ,18,,P74783 ,33,,R75463 ,18
P73041 ,8,,P74830 ,7,,R75465 ,1
P73044 ,4,,P74976 ,1,,S75482 ,2
P73078 ,4,,C75025 ,2,,R75490 ,20
P73091 ,2,,C75028 ,5,,R75497 ,4
P73116 ,4,,C75030 ,11,,C75503 ,10
R73119 ,3,,R75031 ,1,,R75504 ,4
P73186 ,1,,C75035 ,1,,VC75520 ,1
P73188 ,1,,C75039 ,1,,C75527 ,2
P73236 ,1,,C75043 ,3,,R75527 ,6
P73246 ,1,,C75046 ,4,,C75534 ,2
P73260 ,2,,C75065 ,3,,C75543 ,6
P73266 ,1,,C75093 ,3,,C75567 ,8
H73390 ,8,,R75099 ,7,,C75576 ,2
P73514 ,2,,S75107 ,1,,C75582 ,15
P73578 ,1,,R75109 ,1,,C75583 ,8
P73596 ,6,,C75129 ,3,,R75583 ,3
P73617 ,99,,C75140 ,39,,C75584 ,7
P73630 ,6,,C75158 ,10,,C75585 ,8
P73656 ,3,,R75158 ,2,,C75586 ,3
P73767 ,1,,C75160 ,7,,C75587 ,1
P73781 ,2,,R75185 ,1,,R75596 ,1
P73917 ,4,,R75189 ,28,,R75597 ,2
P73921 ,1,,R75191 ,4,,R75599 ,1
P73923 ,19,,R75192 ,10,,R75601 ,4
P73942 ,44,,R75193 ,1,,C75610 ,30
P74282 ,1,,S75230 ,1,,R75623 ,1
P74295 ,1,,R75240 ,1,,R75706 ,1
P74300 ,2,,R75247 ,1,,R75749 ,3
P74301 ,3,,R75249 ,4,,R75775 ,1
P74310 ,2,,R75255 ,2,,R75783 ,34
P74314 ,2,,R75258 ,2,,R75785 ,1
P74316 ,4,,R75262 ,2,,R75793 ,37
,,"LC VOUGHT, CHICAGO PNEUMATIC DRILL PARTS, PAGE 16 ",,,,,
,,CHICAGO PNEUMATIC DRILL PARTS ,,,,,
Part Number,Qty,,Part Number,Qty,,Part Number,Qty
R75798 ,2,,C76264 ,20,,R76355 ,2
R75799 ,2,,C76265 ,6,,R76372 ,1
R75805 ,4,,R76265 ,1,,C76408 ,2
C75812 ,9,,C76266 ,2,,C76480 ,5
R75821 ,2,,C76267 ,12,,R76490 ,2
R75825 ,2,,C76272 ,7,,FR76508 ,2
R75826 ,12,,R76272 ,8,,C76511 ,1
R75834 ,8,,C76273 ,17,,C76513 ,1
R75840 ,18,,R76273 ,1,,C76552 ,1
C75852 ,26,,C76275 ,1,,C76553 ,2
R75859 ,1,,C76276 ,6,,R76562 ,3
R75877 ,4,,C76277 ,1,,C76570 ,1
R75917 ,1,,C76278 ,1,,C76575 ,30
R75932 ,6,,C76280 ,24,,C76576 ,1
R75951 ,32,,C76281 ,2,,,1
R75962 ,28,,C76282 ,3,,R76662 ,1
C75965 ,1,,C76284 ,18,,R76679 ,4
R75966 ,5,,C76285 ,2,,R76683 ,9
R75977 ,2,,C76287 ,7,,R76685 ,10
R75984 ,1,,C76289 ,8,,R76689 ,3
R75986 ,4,,C76291 ,10,,R76690 ,1
C76014 ,1,,C76292 ,3,,R76692 ,3
C76032 ,2,,C76293 ,9,,R76693 ,1
C76105 ,8,,C76296 ,6,,R76694 ,2
C76113 ,22,,C76298 ,4,,R76696 ,4
R76116 ,32,,C76299 ,9,,R76697 ,3
R76119 ,10,,R76299 ,1,,R76714 ,4
R76120 ,3,,C76300 ,2,,R76715 ,2
C76164 ,5,,C76303 ,1,,R76717 ,1
C76175 ,7,,C76311 ,1,,R76720 ,7
C76178 ,5,,C76312 ,15,,C76729 ,1
R76181 ,31,,C76314 ,7,,C76730 ,2
R76202 ,9,,C76315 ,2,,R76732 ,1
R76249 ,8,,C76316 ,16,,R76736 ,1
R76250 ,6,,C76319 ,9,,R76738 ,1
R76253 ,4,,C76323 ,16,,R76739 ,2
R76254 ,19,,C76325 ,2,,R76741 ,1
R76258 ,8,,R76330 ,12,,C76751 ,1
R76259 ,13,,C76331 ,20,,R76760 ,9
R76260 ,1,,R76340 ,3,,C76768 ,3
R76261 ,1,,P76354 ,3,,C76770 ,3
R76263 ,1,,R76354 ,3,,C76772 ,4
,,"LC VOUGHT, CHICAGO PNEUMATIC DRILL PARTS, PAGE 17 ",,,,,
,,CHICAGO PNEUMATIC DRILL PARTS ,,,,,
Part Number,Qty,,Part Number,Qty,,Part Number,Qty
R76793 ,2,,R77198 ,3,,C77966 ,1
R76794 ,3,,S77199 ,58,,C77968 ,2
C76810 ,2,,R77200 ,1,,P77972 ,1
C76812 ,86,,C77212 ,6,,R78030 ,2
C76813 ,1,,C77219 ,1,,C78065 ,1
R76816 ,5,,C77220 ,2,,C78208 ,1
FR76831 ,21,,C77225 ,1,,C78209 ,1
C76832 ,13,,S77292 ,1,,C78235 ,3
C76835 ,18,,C77362 ,7,,P78265 ,3
C76841 ,2,,C77433 ,2,,P78308 ,5
C76843 ,4,,C77434 ,4,,US078309 ,8
R76853 ,3,,C77437 ,2,,P78340 ,6
FR76864 ,1,,C77438 ,3,,C78360 ,2
FR76865 ,4,,C77457 ,6,,C78371 ,5
FR76866 ,2,,C77466 ,1,,C78443 ,4
FR76869 ,1,,S77501 ,1,,C78494 ,2
FR76874 ,1,,P77510 ,1,,VC78495 ,2
C76879 ,12,,P77515 ,1,,R78496 ,2
FR76882 ,3,,US77567 ,1,,R78557 ,1
C76884 ,14,,P77599 ,99,,S78557 ,1
C76885 ,99,,S77657 ,3,,C78621 ,1
FR76886 ,2,,C77659 ,4,,C78629 ,2
C76921 ,59,,R77685 ,3,,C78637 ,1
R76921 ,2,,R77703 ,2,,C78638 ,3
R76922 ,15,,R77711 ,1,,C78640 ,3
R76923 ,3,,R77736 ,4,,C78641 ,5
C77002 ,5,,C77789 ,5,,C78642 ,2
P77013 ,1,,C77819 ,1,,P78656 ,1
C77041 ,2,,C77830 ,1,,C78780 ,2
C77072 ,11,,P77899 ,3,,C78789 ,2
C77073 ,4,,C77928 ,22,,C78800 ,1
C77075 ,6,,C77931 ,2,,S78815 ,3
C77076 ,1,,C77933 ,1,,C78881 ,2
C77077 ,20,,C77934 ,2,,C78923 ,34
C77080 ,3,,C77935 ,4,,R79047 ,1
C77109 ,1,,C77937 ,13,,C79139 ,1
C77111 ,1,,C77941 ,5,,R79223 ,2
C77150 ,10,,C77948 ,8,,C79235 ,1
C77151 ,1,,C77953 ,2,,C79337 ,1
C77165 ,4,,C77954 ,2,,S79439 ,3
R77181 ,3,,C77958 ,3,,C79488 ,4
S77195 ,99,,C77960 ,2,,C79489 ,99
,,"LC VOUGHT, CHICAGO PNEUMATIC DRILL PARTS, PAGE 18 ",,,,,
,,CHICAGO PNEUMATIC DRILL PARTS ,,,,,
Part Number,Qty,,Part Number,Qty,,Part Number,Qty
P79509 ,1,,S80828 ,5,,P82672 ,2
P79517 ,1,,S80890 ,1,,A82759 ,99
P79577 ,1,,S80891 ,1,,C82771 ,4
C79682 ,2,,S80911 ,7,,A82777 ,99
C79683 ,3,,S80947 ,3,,P82840 ,13
C79684 ,7,,S80995 ,2,,S82840 ,1
C79685 ,3,,S81116 ,1,,C82841 ,5
C79688 ,2,,P81299 ,1,,C82845 ,11
C79689 ,4,,C81305 ,1,,S82845 ,2
C79690 ,3,,C81306 ,1,,C82848 ,3
C79693 ,4,,CA81768 ,6,,C82877 ,3
C79695 ,1,,US81878 ,1,,P83071 ,99
C79708 ,1,,C81888 ,2,,P83076 ,99
C79893 ,27,,US81893 ,2,,P83077 ,15
C79917 ,4,,C82087 ,1,,P83082 ,99
C79918 ,4,,S82267 ,3,,H83083 ,99
P80027 ,2,,S82274 ,9,,C83084 ,99
C80053 ,14,,C82314 ,16,,H83088 ,99
C80055 ,12,,C82317 ,2,,P83094 ,99
CA80058 ,1,,C82319 ,1,,C83097 ,1
CA80059 ,1,,C82334 ,3,,P83100 ,1
P80088 ,3,,C82337 ,12,,A83116 ,5
P80092 ,99,,C82350 ,1,,A83120 ,1
P80095 ,1,,C82363 ,34,,C83153 ,4
P80097 ,3,,C82367 ,4,,C83174 ,6
P80100 ,1,,C82429 ,4,,C83176 ,1
P80105 ,43,,C82431 ,4,,C83177 ,99
C80115 ,1,,C82436 ,4,,C83182 ,99
C80118 ,1,,C82456 ,3,,C83193 ,2
P80155 ,2,,C82458 ,3,,S83258 ,8
P80156 ,2,,C82472 ,20,,C83322 ,2
P80198 ,3,,C82473 ,1,,C83327 ,2
P80207 ,20,,C82474 ,8,,C83329 ,7
P80208 ,2,,H82499 ,5,,C83330 ,11
P80221 ,3,,S82566 ,3,,C83331 ,6
C80240 ,30,,H82651 ,99,,C83332 ,1
C80246 ,1,,H82653 ,99,,C83333 ,60
C80287 ,16,,C82657 ,5,,CA83335 ,1
C80374 ,5,,H82657 ,12,,C83337 ,4
H80421 ,4,,C82658 ,9,,C83341 ,8
C80512 ,15,,H82662 ,99,,C83343 ,13
C80522 ,2,,H82667 ,99,,C83344 ,4
,,"LC VOUGHT, CHICAGO PNEUMATIC DRILL PARTS, PAGE 19 ",,,,,
,,CHICAGO PNEUMATIC DRILL PARTS ,,,,,
Part Number,Qty,,Part Number,Qty,,Part Number,Qty
A83346 ,4,,P84218 ,2,,R85169 ,12
C83347 ,2,,US84225 ,23,,CA85203 ,1
C83348 ,2,,C84350 ,5,,R85206 ,1
C83351 ,9,,US84361 ,1,,R85212 ,18
CA83354 ,99,,C84362 ,4,,R85217 ,10
C83360 ,3,,C84363 ,9,,R85219 ,1
C83361 ,12,,C84364 ,8,,C85230 ,2
CA83364 ,99,,C84365 ,9,,C85232 ,9
C83407 ,2,,C84388 ,1,,C85233 ,12
S83441 ,1,,C84390 ,2,,R85233 ,2
G83513 ,28,,C84394 ,99,,C85234 ,1
P83682 ,2,,C84395 ,2,,C85236 ,4
C83697 ,4,,C84400 ,99,,C85237 ,3
C83698 ,5,,P84437 ,2,,R85239 ,48
C83715 ,1,,P84465 ,7,,R85241 ,11
H83744 ,4,,C84544 ,1,,R85242 ,2
A83831 ,4,,C84545 ,6,,C85244 ,1
C83849 ,2,,C84548 ,38,,C85245 ,7
P84032 ,1,,C84551 ,4,,C85247 ,1
P84036 ,2,,C84552 ,1,,C85250 ,2
P84037 ,25,,C84553 ,2,,C85251 ,1
P84038 ,25,,C84554 ,5,,C85252 ,28
P84043 ,10,,C84556 ,3,,C85253 ,12
S84043 ,50,,S84636 ,1,,R85257 ,1
S84068 ,13,,CA84686 ,2,,R85259 ,8
S84089 ,2,,CA84688 ,1,,C85266 ,13
C84132 ,12,,C84689 ,49,,R85268 ,7
P84133 ,1,,CA84692 ,19,,US85296 ,45
P84148 ,9,,CA84694 ,35,,R85314 ,1
C84172 ,99,,C84712 ,3,,R85334 ,1
C84173 ,99,,C84715 ,10,,R85336 ,2
C84174 ,2,,C84794 ,21,,R85337 ,6
C84175 ,13,,S84874 ,1,,C85341 ,4
C84176 ,1,,C84891 ,8,,R85343 ,2
C84196 ,17,,C84895 ,3,,C85346 ,12
C84197 ,6,,C84905 ,1,,C85347 ,1
C84198 ,4,,C85046 ,2,,C85348 ,1
C84200 ,22,,R85102 ,1,,C85350 ,1
C84204 ,3,,R85126 ,1,,C85352 ,1
C84205 ,3,,R85129 ,6,,FR85353 ,1
C84208 ,99,,R85160 ,23,,C85354 ,3
C84209 ,99,,R85164 ,3,,FR85354 ,1
,,"LC VOUGHT, CHICAGO PNEUMATIC DRILL PARTS, PAGE 20 ",,,,,
,,CHICAGO PNEUMATIC DRILL PARTS ,,,,,
Part Number,Qty,,Part Number,Qty,,Part Number,Qty
C85355 ,12,,R85593 ,1,,R86098 ,99
C85357 ,2,,R85595 ,4,,R86114 ,2
C85359 ,7,,R85596 ,6,,R86119 ,15
C85360 ,1,,R85598 ,2,,R86121 ,99
C85361 ,6,,R85607 ,3,,R86122 ,2
C85362 ,4,,R85608 ,6,,R86123 ,3
C85363 ,4,,R85610 ,2,,R86124 ,9
C85366 ,3,,R85613 ,1,,R86126 ,1
C85369 ,3,,R85615 ,1,,C86130 ,1
C85370 ,1,,R85616 ,1,,S86137 ,1
C85374 ,8,,R85617 ,1,,R86162 ,3
C85379 ,1,,R85618 ,5,,C86166 ,1
C85380 ,4,,R85624 ,6,,C86168 ,1
C85385 ,99,,R85625 ,10,,C86170 ,6
C85386 ,6,,R85671 ,2,,R86181 ,1
R85396 ,1,,R85696 ,24,,C86201 ,2
S85405 ,2,,R85722 ,5,,R86201 ,1
S85406 ,3,,R85723 ,6,,C86202 ,1
S85416 ,1,,R85755 ,5,,FR86205 ,2
S85419 ,2,,R85770 ,2,,FR86208 ,3
S85420 ,10,,R85789 ,3,,FR86209 ,2
C85423 ,4,,P85806 ,1,,FR86210 ,2
R85428 ,1,,R85820 ,4,,R86210 ,1
R85429 ,1,,R85826 ,4,,FR86211 ,2
R85430 ,4,,R85887 ,1,,FR86225 ,1
R85434 ,1,,R85889 ,1,,FR86227 ,2
R85436 ,2,,R85890 ,21,,FR86239 ,2
R85437 ,2,,R85892 ,3,,FR86240 ,11
R85439 ,5,,R85893 ,1,,FR86259 ,49
S85505 ,1,,R85895 ,5,,FR86262 ,9
C85528 ,2,,R85907 ,4,,FR86263 ,29
C85531 ,1,,R85924 ,20,,R86265 ,1
R85542 ,2,,S85927 ,2,,C86267 ,1
R85557 ,2,,R85928 ,2,,C86274 ,3
R85570 ,2,,R85943 ,2,,C86276 ,6
R85573 ,1,,R85950 ,7,,C86280 ,1
R85575 ,1,,R86005 ,3,,C86286 ,4
R85576 ,1,,R86006 ,26,,R86314 ,13
R85581 ,93,,R86010 ,3,,R86329 ,2
R85582 ,4,,R86011 ,3,,C86350 ,1
R85588 ,8,,R86012 ,3,,C86374 ,1
R85592 ,1,,R86094 ,5,,R86381 ,3
,,"LC VOUGHT, CHICAGO PNEUMATIC DRILL PARTS, PAGE 21 ",,,,,
,,CHICAGO PNEUMATIC DRILL PARTS ,,,,,
Part Number,Qty,,Part Number,Qty,,Part Number,Qty
C86392 ,3,,R86794 ,11,,C87238 ,1
C86393 ,5,,R86795 ,7,,C87241 ,1
R86449 ,2,,R86805 ,5,,C87242 ,1
R86453 ,12,,R86810 ,20,,C87245 ,5
R86515 ,1,,R86811 ,2,,CA87251 ,3
R86516 ,5,,R86813 ,1,,C87265 ,6
R86517 ,3,,R86815 ,1,,C87266 ,5
R86518 ,2,,S86843 ,9,,C87273 ,11
R86519 ,2,,R86846 ,8,,C87274 ,1
R86520 ,2,,S86861 ,7,,C87277 ,5
R86522 ,1,,R86873 ,1,,C87279 ,6
R86528 ,4,,C86876 ,6,,C87280 ,4
R86529 ,1,,R86879 ,2,,C87281 ,1
R86532 ,2,,R86880 ,1,,C87283 ,8
R86536 ,11,,R86884 ,15,,C87285 ,5
R86539 ,1,,R86885 ,4,,C87289 ,2
R86541 ,1,,R86886 ,18,,C87294 ,1
S86543 ,7,,R86890 ,2,,C87296 ,2
R86544 ,6,,R86892 ,1,,C87299 ,3
S86549 ,10,,R86895 ,3,,C87316 ,99
R86551 ,3,,C86896 ,9,,C87317 ,6
R86555 ,20,,R86897 ,2,,C87319 ,8
R86556 ,4,,R86901 ,5,,C87332 ,2
R86592 ,4,,R86902 ,3,,C87333 ,1
R86605 ,10,,R86959 ,1,,C87334 ,1
R86607 ,1,,R86963 ,4,,C87335 ,1
R86612 ,1,,R86966 ,1,,C87336 ,1
R86614 ,2,,R86967 ,5,,C87339 ,1
R86617 ,1,,R86968 ,25,,C87341 ,1
C86626 ,4,,R86969 ,22,,C87346 ,2
R86627 ,2,,R86981 ,20,,C87358 ,1
C86630 ,5,,C86985 ,3,,CA87404 ,1
C86633 ,3,,C87017 ,2,,CA87466 ,2
C86638 ,20,,S87098 ,7,,CA87468 ,99
C86640 ,4,,C87106 ,1,,C87504 ,12
R86681 ,2,,FR87118 ,6,,C87505 ,1
C86698 ,4,,P87169 ,1,,C87506 ,6
C86699 ,1,,FR87194 ,14,,C87510 ,2
C86710 ,2,,C87232 ,2,,C87511 ,1
C86722 ,1,,C87233 ,5,,C87512 ,9
R86733 ,8,,C87236 ,37,,C87514 ,1
R86734 ,11,,C87237 ,4,,C87519 ,1
,,"LC VOUGHT, CHICAGO PNEUMATIC DRILL PARTS, PAGE 22 ",,,,,
,,CHICAGO PNEUMATIC DRILL PARTS ,,,,,
Part Number,Qty,,Part Number,Qty,,Part Number,Qty
C87522 ,3,,P87777 ,2,,CA88095 ,24
C87523 ,4,,C87791 ,4,,CA88097 ,3
C87526 ,9,,C87794 ,5,,CA88115P ,1
C87527 ,1,,C87796 ,2,,C88149 ,5
C87528 ,1,,C87798 ,14,,C88155 ,19
C87529 ,14,,C87812 ,6,,C88156 ,4
C87589 ,1,,R87813 ,1,,C88164 ,3
C87595 ,16,,R87814 ,1,,C88166 ,1
C87597 ,1,,C87824 ,5,,C88173 ,4
P87598 ,8,,CA87826 ,2,,CA88193 ,25
C87601 ,3,,C87832 ,1,,A88207 ,2
C87622 ,1,,C87833 ,15,,A88220 ,6
C87640 ,16,,C87834 ,5,,C88220 ,2
S87641 ,23,,C87835 ,5,,S88225 ,3
P87671 ,1,,R87923 ,2,,A88226 ,8
C87688 ,14,,C87927 ,5,,A88227 ,4
C87701 ,9,,C87930 ,1,,A88228 ,65
P87706 ,1,,C87937 ,10,,A88229 ,2
C87724 ,4,,C87945 ,1,,A88233 ,8
C87725 ,7,,C87954 ,2,,S88249 ,10
C87726 ,1,,R87977 ,3,,A88255 ,5
C87728 ,12,,S87979 ,10,,C88259 ,2
C87729 ,6,,C87988 ,1,,C88261 ,4
C87730 ,6,,R87988 ,1,,C88262 ,2
C87731 ,1,,C87990 ,3,,C88263 ,2
C87732 ,2,,C87993 ,22,,HC88265 ,4
C87734 ,3,,C87994 ,6,,CA88279 ,16
C87735 ,4,,C87997 ,1,,A88281 ,7
C87736 ,16,,C87998 ,1,,C88331 ,12
C87737 ,1,,C87999 ,1,,C88354 ,3
C87738 ,25,,C88000 ,25,,C88363 ,1
C87739 ,15,,C88001 ,10,,C88404 ,1
C87740 ,3,,C88003 ,6,,C88414 ,4
C87741 ,4,,C88005 ,16,,C88431 ,8
C87743 ,11,,C88007 ,4,,C88438 ,7
C87745 ,25,,C88009 ,8,,C88445 ,1
C87747 ,5,,C88015 ,1,,C88450 ,27
C87748 ,3,,C88017 ,2,,C88454 ,1
C87751 ,5,,C88019 ,6,,C88456 ,6
C87752 ,2,,C88023 ,2,,C88459 ,4
C87754 ,4,,C88024 ,2,,C88482 ,1
C87757 ,7,,C88079 ,8,,C88495 ,11
,,"LC VOUGHT, CHICAGO PNEUMATIC DRILL PARTS, PAGE 23 ",,,,,
,,CHICAGO PNEUMATIC DRILL PARTS ,,,,,
Part Number,Qty,,Part Number,Qty,,Part Number,Qty
C88514 ,2,,C89164 ,48,,P89603 ,2
C88523 ,2,,C89168 ,4,,S89607 ,2
C88524 ,7,,P89205 ,15,,C89659 ,8
C88535 ,3,,P89208 ,4,,P89692 ,1
R88560 ,2,,P89242 ,1,,C89696 ,2
FR88561 ,7,,P89255 ,2,,C89702 ,1
C88569 ,1,,P89258 ,1,,C89714 ,3
C88571 ,1,,C89268 ,17,,C89721 ,19
C88574 ,5,,P89268 ,99,,C89724 ,4
C88575 ,14,,C89269 ,4,,P89737 ,1
C88612 ,2,,C89270 ,2,,C89742 ,6
C88614 ,6,,P89289 ,1,,C89745 ,1
C88616 ,4,,P89292 ,99,,C89759 ,99
C88617 ,13,,CA89321 ,1,,C89760 ,99
C88623 ,2,,P89329 ,1,,CA89760T ,99
CA88701 ,99,,P89330 ,4,,C89765 ,1
C88737 ,4,,P89353 ,16,,C89766 ,12
C88752 ,5,,P89365 ,2,,C89772 ,1
C88758 ,3,,P89371 ,5,,C89774 ,1
C88759 ,1,,P89381 ,6,,C89776 ,3
C88760 ,7,,P89385 ,2,,C89778 ,5
C88781 ,19,,P89397 ,5,,C89782 ,4
C88798 ,3,,P89400 ,1,,C89783 ,1
P88813 ,7,,P89401 ,7,,C89785 ,7
P88815 ,4,,P89438 ,6,,C89786 ,9
P88816 ,18,,C89441 ,1,,C89789 ,37
C88821 ,23,,P89445 ,2,,C89790 ,1
C88822 ,34,,C89481 ,2,,C89791 ,4
P88837 ,2,,P89486 ,2,,C89793 ,4
CA88862 ,3,,P89502 ,2,,C89794 ,2
CA88863 ,1,,P89517 ,1,,C89796 ,1
CA88867 ,99,,USA89521 ,1,,C89797 ,34
C88877 ,6,,P89533 ,1,,C89798 ,30
C88888 ,99,,P89575 ,12,,C89802 ,1
C88906 ,1,,C89578 ,3,,C89803 ,37
C88917 ,1,,C89588 ,5,,C89814 ,2
C89043 ,1,,C89589 ,8,,C89815 ,1
P89043 ,1,,P89592 ,1,,C89817 ,8
P89045 ,1,,P89596 ,1,,C89822 ,1
P89049 ,2,,P89597 ,1,,C89834 ,16
P89065 ,1,,P89601 ,1,,C89859 ,10
C89126 ,1,,P89602 ,1,,C89866 ,6
,,"LC VOUGHT, CHICAGO PNEUMATIC DRILL PARTS, PAGE 24 ",,,,,
,,CHICAGO PNEUMATIC DRILL PARTS ,,,,,
Part Number,Qty,,Part Number,Qty,,Part Number,Qty
C89911 ,4,,R90451 ,2,,C90942 ,2
C89917 ,9,,R90452 ,1,,FR90942 ,3
C89938 ,1,,R90455 ,12,,C90943 ,1
C89942 ,2,,R90457 ,1,,FR90944 ,8
S89953 ,2,,C90462 ,10,,C90945 ,30
C89956 ,6,,C90511 ,2,,C90946 ,5
C89990 ,5,,C90512 ,1,,C90947 ,1
C89991 ,9,,C90514 ,2,,C90965 ,3
C90020 ,16,,C90515 ,1,,FR90966 ,3
G90051 ,99,,C90518 ,1,,FR90969 ,72
C90062 ,3,,C90521 ,19,,FR90970 ,10
CA90073 ,2,,C90535 ,1,,C91001 ,2
C90119 ,2,,R90538 ,20,,C91002 ,25
R90122 ,29,,C90543 ,1,,R91025 ,1
USA90123 ,8,,C90545 ,1,,R91047 ,1
C90155 ,2,,C90552 ,3,,R91050 ,1
P90157 ,3,,C90553 ,1,,C91053 ,1
R90164 ,6,,C90563 ,3,,C91054 ,3
R90180 ,5,,C90565 ,1,,C91055 ,6
C90194 ,3,,P90572 ,1,,FR91078 ,1
R90237 ,2,,R90578 ,1,,C91079 ,1
C90243 ,10,,R90584 ,12,,FR91080 ,6
C90245 ,4,,R90585 ,1,,C91081 ,99
C90246 ,1,,CA90638 ,9,,C91083 ,1
C90247 ,26,,C90715 ,1,,C91084 ,5
C90261 ,2,,C90745 ,4,,C91087 ,1
R90287 ,7,,C90768 ,9,,C91088 ,10
C90290 ,2,,C90769 ,10,,C91090 ,2
C90298 ,4,,C90791 ,2,,FR91096 ,5
C90299 ,5,,S90807 ,1,,C91097 ,3
C90307 ,2,,C90812 ,4,,FR91097 ,1
C90309 ,2,,P90872 ,1,,C91099 ,2
C90311 ,6,,C90873 ,1,,R91109 ,4
C90316 ,5,,P90873 ,2,,P91112 ,99
C90317 ,5,,FR90902 ,1,,C91121 ,7
C90358 ,1,,C90924 ,1,,C91122 ,11
R90365 ,1,,FR90925 ,7,,P91132 ,2
C90379 ,1,,C90931 ,1,,P91138 ,1
FR90385 ,1,,C90932 ,2,,P91140 ,4
C90396 ,21,,C90935 ,8,,P91144 ,1
C90400 ,3,,C90936 ,4,,P91145 ,9
R90449 ,1,,C90940 ,32,,C91170 ,9
,,"LC VOUGHT, CHICAGO PNEUMATIC DRILL PARTS, PAGE 25 ",,,,,
,,CHICAGO PNEUMATIC DRILL PARTS ,,,,,
Part Number,Qty,,Part Number,Qty,,Part Number,Qty
FR91175 ,2,,C91449 ,4,,CA92058 ,11
R91176 ,1,,C91478 ,1,,CA92062 ,20
C91182 ,1,,C91502 ,1,,CA92063 ,34
C91183 ,15,,R91510 ,4,,CA92071 ,48
C91184 ,12,,R91511 ,2,,CA92072 ,12
C91185 ,1,,C91514 ,1,,CA92079 ,32
C91187 ,1,,R91515 ,5,,CA92080 ,10
C91189 ,1,,R91517 ,2,,CA92082 ,11
C91192 ,9,,R91522 ,27,,CA92085 ,2
C91193 ,5,,R91523 ,5,,P92089 ,35
C91194 ,74,,CA91525 ,3,,CA92093 ,8
C91198 ,11,,USA91560 ,3,,CA92098 ,76
C91203 ,71,,P91580 ,5,,FR92106 ,4
C91204 ,2,,P91582 ,11,,P92147 ,4
C91205 ,5,,P91584 ,41,,R92152 ,7
C91206 ,1,,P91585 ,1,,FR92201 ,1
C91207 ,2,,P91587 ,13,,C92224 ,8
P91212 ,2,,FR91591 ,4,,C92259 ,1
S91250 ,1,,S91603 ,2,,C92264 ,1
C91265 ,2,,P91616 ,4,,C92280 ,2
C91266 ,16,,CA91623 ,7,,R92353 ,1
P91276 ,5,,P91630 ,3,,R92355 ,1
P91287 ,4,,C91632 ,5,,R92371 ,1
P91295 ,6,,C91633 ,2,,R92428 ,5
P91322 ,6,,P91633 ,4,,R92497 ,6
C91338 ,2,,P91671 ,2,,R92517 ,1
P91354 ,1,,P91701 ,1,,P92537 ,99
C91367 ,2,,P91705 ,1,,R92537 ,99
FR91404 ,1,,C91710 ,12,,P92546 ,5
R91405 ,3,,P91712 ,1,,P92589 ,2
R91407 ,2,,P91742 ,1,,P92610 ,3
R91408 ,2,,C91826 ,4,,R92629 ,10
R91409 ,1,,S91836 ,4,,P92642 ,5
R91410 ,1,,FR91900 ,89,,P92705 ,22
R91412 ,1,,R91933 ,1,,P92724 ,2
R91413 ,2,,C91934 ,3,,P92750 ,16
R91417 ,8,,P92020 ,2,,P92861 ,4
R91418 ,2,,C92037 ,1,,R92896 ,8
C91419 ,11,,C92048 ,16,,R92907 ,10
R91420 ,12,,C92050 ,4,,R92908 ,3
R91421 ,10,,C92051 ,13,,R92909 ,9
R91424 ,3,,CA92055 ,2,,R92910 ,4
,,"LC VOUGHT, CHICAGO PNEUMATIC DRILL PARTS, PAGE 26 ",,,,,
,,CHICAGO PNEUMATIC DRILL PARTS ,,,,,
Part Number,Qty,,Part Number,Qty,,Part Number,Qty
R92911 ,15,,FR93330 ,20,,C94052 ,2
R92916 ,1,,FR93341 ,3,,C94165 ,1
R92920 ,2,,FR93343 ,1,,C94180 ,1
R92932 ,2,,FR93344 ,1,,C94181 ,3
FR92953 ,4,,R93345 ,1,,C94185 ,2
FR92956 ,38,,R93373 ,3,,C94186 ,1
FR92959 ,4,,P93384 ,3,,C94187 ,3
FR92960 ,5,,R93432 ,3,,C94189 ,2
FR92961 ,5,,R93433 ,1,,C94235 ,6
FR92962 ,2,,R93490 ,1,,CA94246 ,3
FR92963 ,2,,FR93538 ,1,,CA94315 ,7
FR92964 ,2,,FR93551 ,1,,CA94316 ,15
FR92965 ,2,,FR93637 ,3,,C94354 ,7
FR92966 ,3,,P93672 ,1,,C94402 ,4
R92990 ,1,,FR93684 ,11,,C94406 ,3
R92993 ,99,,FR93686 ,22,,C94411 ,6
R92994 ,13,,R93711 ,3,,C94412 ,4
R92999 ,1,,R93712 ,1,,C94415 ,2
R93002 ,1,,R93744 ,6,,C94419 ,2
R93003 ,26,,FR93745 ,1,,C94446 ,1
R93004 ,4,,FR93746 ,2,,C94595 ,4
R93006 ,2,,R93757 ,3,,C94620 ,6
R93055 ,1,,R93760 ,1,,C94622 ,1
R93064 ,7,,R93762 ,4,,C94625 ,3
R93078 ,1,,R93763 ,3,,C94643 ,1
R93080 ,1,,R93769 ,12,,C94656 ,7
R93185 ,6,,R93782 ,3,,C94674 ,24
R93186 ,12,,R93885 ,2,,C94699 ,1
R93187 ,7,,R93887 ,3,,G94700 ,2
R93191 ,4,,R93890 ,7,,C94702 ,5
R93195 ,13,,R93891 ,5,,R94718 ,22
R93196 ,3,,R93893 ,2,,C94719 ,16
R93206 ,77,,R93899 ,1,,S94753 ,3
R93209 ,1,,R93913 ,1,,S94811 ,1
R93210 ,1,,R93915 ,1,,S94813 ,2
P93212 ,1,,R93932 ,9,,US94823 ,10
R93280 ,1,,R93984 ,4,,C94824 ,4
R93290 ,2,,R93985 ,4,,C94825 ,4
R93291 ,1,,CA94002 ,5,,C94826 ,1
FR93314 ,8,,C94003 ,3,,C94827 ,10
FR93326 ,8,,C94018 ,3,,C94828 ,1
FR93329 ,8,,C94051 ,1,,C94829 ,1
,,"LC VOUGHT, CHICAGO PNEUMATIC DRILL PARTS, PAGE 27 ",,,,,
,,CHICAGO PNEUMATIC DRILL PARTS ,,,,,
Part Number,Qty,,Part Number,Qty,,Part Number,Qty
C94830 ,6,,R95890 ,2,,FR97800 ,22
C94832 ,2,,C95902 ,11,,FR97814 ,15
C94833 ,1,,FR95924 ,4,,FR97817 ,2
C94834 ,4,,C95931 ,1,,FR97820 ,99
C94835 ,7,,C95932 ,6,,FR97822 ,12
C94837 ,4,,C95933 ,3,,FR97923 ,1
C94839 ,1,,C95934 ,3,,C97973 ,2
C94840 ,7,,C95936 ,1,,C97985 ,4
C94841 ,8,,C95937 ,3,,R98013 ,1
C94842 ,2,,C95998 ,1,,R98052 ,6
C94843 ,3,,R96056 ,7,,R98053 ,3
C94845 ,4,,R96059 ,15,,R98054 ,20
C94848 ,5,,R96123 ,3,,R98084 ,8
C94849 ,3,,R96126 ,3,,C98171 ,2
C94850 ,4,,C96164 ,2,,FR98339 ,4
C94854 ,4,,C96354 ,1,,C98352 ,2
CA94876 ,33,,P96482 ,11,,R98369 ,7
CA94885 ,27,,C96534 ,1,,R98370 ,3
C95011 ,2,,C96559 ,2,,S98392 ,3
C95014 ,1,,FR96625 ,5,,R98440 ,11
C95016 ,2,,C96632 ,4,,C98441 ,3
C95019 ,16,,FR96656 ,1,,R98441 ,1
C95021 ,4,,FR96661 ,1,,CA98563 ,3
C95022 ,13,,FR96662 ,1,,FR98587 ,1
C95024 ,5,,R96678 ,1,,R98715 ,2
C95025 ,1,,C96693 ,10,,R98718 ,2
C95027 ,2,,R96698 ,99,,P98767 ,1
C95032 ,20,,CA96839 ,15,,C98785 ,4
C95033 ,6,,S96942 ,2,,C98789 ,12
C95042 ,2,,S96961 ,1,,C98802 ,2
C95046 ,1,,P97164 ,54,,P98851 ,3
C95081 ,4,,S97250 ,8,,R98857 ,2
C95082 ,1,,S97382 ,3,,R98859 ,19
C95083 ,1,,FR97398 ,6,,R98860 ,86
C95093 ,1,,FR97399 ,13,,R98861 ,3
S95127 ,5,,P97493 ,12,,R98869 ,1
S95147 ,1,,FR97513 ,1,,C98890 ,8
R95167 ,1,,S97690 ,6,,C98917 ,1
R95171 ,4,,C97699 ,2,,C98957 ,8
C95230 ,1,,P97760 ,4,,C98958 ,1
CA95527 ,1,,FR97793 ,20,,C98959 ,30
P95580 ,13,,FR97794 ,25,,C98960 ,2
,,"LC VOUGHT, CHICAGO PNEUMATIC DRILL PARTS, PAGE 28 ",,,,,
,,CHICAGO PNEUMATIC DRILL PARTS ,,,,,
Part Number,Qty,,Part Number,Qty,,Part Number,Qty
C98961 ,13,,C100130 ,99,,C102803 ,3
C98965 ,31,,P100153 ,6,,C102804 ,6
C98966 ,1,,C100285 ,2,,C102805 ,2
C98967 ,19,,C100334 ,2,,C102806 ,2
C98968 ,6,,C100569 ,99,,C102807 ,3
C98969 ,9,,C100584 ,3,,C102809 ,3
C98970 ,4,,R100850 ,1,,C102810 ,2
C98971 ,10,,R101100 ,1,,C102811 ,3
C98972 ,14,,R101101 ,1,,C102856 ,2
R98974 ,1,,R101102 ,2,,C102857 ,2
C98976 ,1,,R101103 ,99,,C102902 ,2
C99041 ,12,,R101104 ,99,,P103028 ,6
C99083 ,3,,R101105 ,2,,S103171 ,2
C99095 ,3,,R101106 ,4,,C103172 ,1
C99096 ,1,,C101158 ,99,,C103211 ,1
C99097 ,2,,R101498 ,2,,C103255 ,2
R99142 ,1,,XC101602 ,99,,C103259 ,6
C99260 ,1,,P101636 ,3,,C103261 ,4
C99266 ,2,,P101643 ,1,,C103263 ,21
C99291 ,12,,C102101 ,3,,C103266 ,1
R99482 ,12,,C102196 ,5,,C103270 ,1
C99494 ,52,,R102202 ,8,,C103283 ,8
FR99530 ,2,,C102210 ,6,,C103285 ,1
FR99567 ,4,,C102211 ,3,,C103289 ,1
C99615 ,1,,C102214 ,6,,C103327 ,19
C99623 ,11,,C102364 ,1,,C103333 ,2
CA99695 ,2,,C102389 ,1,,C103413 ,1
R99765 ,1,,C102417 ,3,,P103521 ,99
R99770 ,2,,R102475 ,3,,C103564 ,1
C99834 ,1,,C102488 ,43,,C103571 ,2
C99840 ,15,,C102492 ,4,,C103601 ,21
C99841 ,10,,C102493 ,6,,C103602 ,14
CA99896 ,5,,C102507 ,82,,C103651 ,3
CA99897 ,1,,C102513 ,6,,P103799 ,1
CA99898 ,2,,C102516 ,7,,R103976 ,1
CA99901 ,9,,C102518 ,1,,C104078 ,8
CA99906 ,1,,P102551 ,99,,C104280 ,5
CA99910 ,9,,C102618 ,4,,P104309 ,99
CA99916 ,6,,C102689 ,4,,C104549 ,15
CA99924 ,3,,H102762 ,6,,C104617 ,3
C100128 ,99,,C102801 ,3,,C104705 ,3
C100129 ,99,,C102802 ,2,,C104706 ,4
,,"LC VOUGHT, CHICAGO PNEUMATIC DRILL PARTS, PAGE 29 ",,,,,
,,CHICAGO PNEUMATIC DRILL PARTS ,,,,,
Part Number,Qty,,Part Number,Qty,,Part Number,Qty
C104749 ,1,,C107142 ,4,,C112203 ,2
US104749 ,3,,C107729 ,10,,C112468 ,20
C104784 ,1,,C108182 ,3,,C112470 ,1
C104785 ,1,,C108234 ,5,,C112472 ,3
C104793 ,32,,XC108254 ,6,,C112722 ,22
C104794 ,31,,C109049 ,12,,C112802 ,13
C104801 ,3,,C109050 ,8,,C112813 ,8
P104922 ,2,,C109052 ,12,,C112817 ,2
C104928 ,15,,R109168 ,5,,C112882 ,5
C105367 ,1,,C109178 ,3,,C112963 ,5
C105368 ,99,,C109181 ,1,,C113201 ,7
C105370 ,1,,C109187 ,9,,C113202 ,2
C105372 ,2,,C109192 ,20,,C113203 ,6
P105521 ,99,,C109196 ,3,,C113205 ,4
P105577 ,1,,P109313 ,1,,C113206 ,11
C105652 ,5,,C109585 ,3,,C113208 ,17
C105681 ,84,,C109586 ,4,,C113209 ,3
C105682 ,24,,C109731 ,1,,C113270 ,1
C105683 ,11,,C109732 ,1,,C113332 ,1
C105685 ,99,,C109765 ,1,,R113336 ,19
C105686 ,99,,C109811 ,11,,R113337 ,7
C105687 ,8,,R110210 ,99,,C113400 ,1
C105688 ,1,,R110215 ,4,,C113422 ,18
C105689 ,2,,R110217 ,1,,C113779 ,1
C105690 ,1,,R110218 ,6,,C113783 ,15
C105693 ,35,,R110222 ,1,,C113785 ,13
C105694 ,6,,R110226 ,2,,C113786 ,9
C105697 ,4,,R110317 ,99,,C113788 ,7
C105860 ,7,,C111279 ,8,,C113789 ,12
P105869 ,2,,C111280 ,10,,C113795 ,3
C106150 ,1,,C111318 ,1,,C113796 ,2
C106153 ,29,,C111359 ,1,,C113798 ,2
C106157 ,8,,C111475 ,3,,C113799 ,11
C106218 ,6,,C111477 ,3,,C113802 ,2
C106220 ,4,,C111479 ,5,,R113955 ,5
C106428 ,6,,C111557 ,1,,R113956 ,1
C106759 ,7,,R111597 ,1,,P114056 ,1
C106817 ,6,,R111598 ,23,,P114063 ,4
C106818 ,3,,C111628 ,7,,C114081 ,6
C106819 ,6,,C111669 ,1,,C114089 ,22
C106824 ,1,,C112194 ,1,,C114091 ,1
C106830 ,1,,C112197 ,4,,C114092 ,1
,,"LC VOUGHT, CHICAGO PNEUMATIC DRILL PARTS, PAGE 30 ",,,,,
,,CHICAGO PNEUMATIC DRILL PARTS ,,,,,
Part Number,Qty,,Part Number,Qty,,Part Number,Qty
C114107 ,12,,CA116546 ,1,,C117788 ,4
C114111 ,6,,C116550 ,12,,C117791 ,19
C114184 ,2,,C116551 ,6,,A118147 ,4
C114185 ,2,,C116552 ,1,,C118161 ,5
C114186 ,3,,C116553 ,1,,C118223 ,1
A114258 ,2,,C116554 ,5,,C118224 ,1
C114272 ,4,,C116555 ,1,,CA118271 ,2
P114386 ,1,,C116556 ,2,,R118356 ,1
C114407 ,4,,C116558 ,4,,R118357 ,1
C114408 ,4,,C116560 ,21,,R118358 ,2
XP114439 ,4,,C116563 ,9,,R118359 ,1
XP114442 ,1,,C116573 ,1,,R118360 ,1
C114631 ,1,,C116863 ,1,,R118362 ,99
C114801 ,2,,C116888 ,2,,R118363 ,9
C114804 ,3,,C116889 ,8,,R118365 ,10
C114807 ,1,,C116891 ,2,,R118366 ,1
C114902 ,1,,C116894 ,6,,R118367 ,1
C114906 ,2,,C116895 ,2,,R118368 ,1
C114907 ,3,,C116899 ,1,,R118369 ,1
C114908 ,3,,P116940 ,1,,R118370 ,1
C115207 ,2,,P117016 ,9,,R118371 ,4
S115668 ,1,,C117096 ,1,,R118372 ,6
C115755 ,18,,C117097 ,7,,R118373 ,1
R115972 ,3,,C117098 ,4,,R118374 ,1
C115989 ,6,,C117101 ,2,,R118376 ,4
CA115994 ,1,,C117113 ,1,,R118377 ,7
R116014 ,1,,C117124 ,3,,R118378 ,1
C116040 ,7,,C117129 ,2,,R118379 ,12
C116049 ,1,,C117130 ,2,,R118382 ,1
C116075 ,2,,C117162 ,4,,R118383 ,6
C116083 ,10,,C117163 ,2,,R118384 ,7
C116087 ,2,,C117200 ,2,,R118386 ,16
C116160 ,50,,C117201 ,1,,R118387 ,1
C116176 ,1,,C117202 ,2,,R118388 ,24
C116177 ,99,,CA117214 ,6,,R118389 ,5
CA116240 ,1,,C117303 ,7,,R118390 ,6
CA116242 ,3,,A117360 ,1,,R118391 ,6
CA116253 ,99,,C117519 ,2,,R118393 ,6
CA116383 ,1,,C117651 ,4,,R118394 ,2
CA116384 ,6,,C117748 ,9,,R118395 ,3
C116422 ,12,,C117783 ,7,,R118396 ,1
C116423 ,16,,C117787 ,10,,R118397 ,1
,,"LC VOUGHT, CHICAGO PNEUMATIC DRILL PARTS, PAGE 31 ",,,,,
,,CHICAGO PNEUMATIC DRILL PARTS ,,,,,
Part Number,Qty,,Part Number,Qty,,Part Number,Qty
R118398 ,3,,C119263 ,3,,LC121824 ,1
R118401 ,2,,R119333 ,1,,C121858 ,3
C118458 ,20,,C119460 ,2,,BR121863 ,2
C118459 ,17,,CA119554 ,16,,BR121864 ,2
R118477 ,1,,CA119555 ,2,,BR121869 ,4
C118539 ,1,,C119563 ,2,,BR122057 ,1
P118550 ,1,,C119565 ,3,,BR122058 ,99
P118556 ,14,,R119632 ,3,,BR122059 ,4
P118558 ,2,,R119644 ,7,,C122074 ,1
A118656 ,2,,CA119716 ,98,,R122152 ,1
A118657 ,2,,C119729 ,45,,BR122248 ,1
A118658 ,10,,C119730 ,10,,C122755 ,10
A118660 ,5,,C120122 ,7,,C122963 ,4
P118662 ,1,,C120126 ,3,,R122976 ,2
C118731 ,6,,C120139 ,3,,C122987 ,1
C118749 ,2,,DC120361 ,3,,C122991 ,4
C118777 ,4,,DC120363 ,18,,C122993 ,99
C118778 ,6,,DC120372 ,4,,DC123048 ,1
C118781 ,7,,DC120451 ,6,,DC123116 ,2
R118980 ,2,,DC120482 ,3,,DC123126 ,8
R118981 ,7,,DC120504 ,4,,DC123130 ,2
R118993 ,9,,DC120516 ,3,,DC123187 ,2
C119031 ,1,,DC120528 ,20,,C123340 ,5
C119049 ,8,,DC120542 ,2,,C123353 ,2
C119056 ,2,,C120616 ,3,,C123427 ,3
C119069 ,1,,C120625 ,5,,C123476 ,5
C119161 ,1,,C120626 ,4,,C123477 ,13
C119178 ,1,,C120630 ,2,,C123479 ,2
C119181 ,3,,P120760 ,1,,DC123534 ,1
C119182 ,3,,C121536 ,1,,BC123575 ,4
C119183 ,1,,C121537 ,1,,BC123582 ,3
C119184 ,2,,C121539 ,3,,BC123590 ,4
C119185 ,2,,C121540 ,2,,C123604 ,9
C119187 ,6,,C121541 ,3,,C123610 ,3
C119188 ,5,,C121542 ,4,,CA123692 ,4
C119191 ,65,,R121554 ,1,,DC123715 ,5
C119193 ,4,,C121557 ,3,,C123804 ,22
C119199 ,6,,C121558 ,3,,WP123823 ,4
A119227 ,1,,BR121562 ,1,,NP123880 ,1
C119255 ,31,,C121586 ,8,,NP123889 ,4
C119256 ,14,,P121721 ,4,,C123899 ,4
C119262 ,4,,A121776 ,3,,NP123901 ,2
,,"LC VOUGHT, CHICAGO PNEUMATIC DRILL PARTS, PAGE 32 ",,,,,
,,CHICAGO PNEUMATIC DRILL PARTS ,,,,,
Part Number,Qty,,Part Number,Qty,,Part Number,Qty
NP123912 ,4,,TP124861 ,3,,VC125005 ,1
NP123927 ,9,,TP124862 ,3,,VC125006 ,4
NP123936 ,6,,TP124863 ,3,,VC125008 ,9
KF123963 ,22,,TP124865 ,17,,VC125013 ,1
KF123964 ,1,,TP124871 ,3,,VC125014 ,5
KF123965 ,18,,VC124877 ,2,,VC125016 ,3
KF123966 ,18,,VC124878 ,2,,VC125017 ,4
KF123967 ,15,,VC124888 ,2,,VC125019 ,3
WP123995 ,2,,VC124890 ,1,,VC125050 ,2
WP123998 ,2,,VC124907 ,1,,P125053 ,2
C124081 ,4,,VC124925 ,5,,VC125067 ,4
KF124129 ,14,,VC124941 ,1,,VC125068 ,3
DC124154 ,3,,VC124944 ,1,,NP125069 ,5
DC124159 ,1,,VC124945 ,6,,NP125073 ,4
KF124224 ,1,,VC124946 ,2,,NP125074 ,5
KF124225 ,6,,VC124947 ,3,,NP125075 ,13
KF124234 ,3,,VC124948 ,1,,NP125076 ,14
C124290 ,3,,VC124949 ,1,,NP125078 ,52
KF124290 ,3,,VC124950 ,2,,NP125079 ,50
KF124318 ,1,,VC124952 ,3,,NP125081 ,24
KF124320 ,1,,VC124954 ,3,,KF125218 ,3
KF124323 ,4,,VC124956 ,1,,KF125249 ,1
KF124325 ,1,,VC124958 ,3,,KF125292 ,2
KF124347 ,2,,VC124959 ,3,,KF125407 ,3
KF124522 ,9,,VC124961 ,3,,KF125477 ,7
KF124563 ,1,,VC124962 ,3,,C125512 ,1
KF124586 ,4,,VC124963 ,10,,C125514 ,2
DC124788 ,4,,VC124964 ,1,,C125515 ,7
DC124790 ,4,,VC124965 ,3,,C125516 ,4
DC124801 ,2,,VC124966 ,3,,C125608 ,1
DC124819 ,20,,VC124967 ,3,,P125633 ,12
DC124840 ,9,,VC124969 ,3,,P125634 ,5
DC124841 ,14,,VC124975 ,3,,P125640 ,99
DC124842 ,2,,VC124976 ,3,,P125641 ,3
DC124843 ,20,,VC124977 ,3,,CA125657 ,1
DC124844 ,8,,VC124978 ,3,,CA125672 ,2
DC124845 ,1,,VC124980 ,3,,CA125675 ,4
TP124852 ,6,,VC124981 ,6,,C125685 ,8
TP124853 ,99,,VC124982 ,6,,C125686 ,2
TP124854 ,8,,VC124983 ,6,,VC125741 ,10
TP124855 ,2,,VC124984 ,4,,P125746 ,1
TP124860 ,2,,VC124985 ,4,,P125747 ,1
,,"LC VOUGHT, CHICAGO PNEUMATIC DRILL PARTS, PAGE 33 ",,,,,
,,CHICAGO PNEUMATIC DRILL PARTS ,,,,,
Part Number,Qty,,Part Number,Qty,,Part Number,Qty
C125868 ,99,,C127751 ,2,,C129836 ,14
C126103 ,5,,C127754 ,1,,C129848 ,14
C126109 ,4,,C127782 ,12,,C129849 ,7
C126191 ,9,,C127783 ,3,,C129850 ,18
C126193 ,3,,C127893 ,12,,C129852 ,3
C126194 ,7,,C127894 ,12,,C129853 ,4
C126400 ,1,,C127904 ,12,,C129859 ,2
C126529 ,2,,C127905 ,9,,C129866 ,5
C126590 ,10,,C127906 ,3,,C129871 ,13
VC126597 ,19,,C127930 ,16,,C129951 ,1
VC126600 ,19,,CA127935 ,6,,C130154 ,4
VC126602 ,12,,C127946 ,10,,KF130375 ,2
VC126603 ,51,,C128052 ,94,,KF130403 ,2
VC126604 ,36,,KF128062 ,10,,KF130405 ,2
VC126605 ,62,,C128175 ,2,,KF130431 ,8
C127002 ,10,,C128176 ,3,,C130624 ,5
CA127022 ,5,,P128220 ,1,,C130626 ,29
CA127024 ,90,,C128362 ,5,,KF130764 ,2
C127076 ,11,,C128363 ,1,,KF130809 ,2
C127098 ,1,,C128364 ,3,,KF130812 ,50
C127117 ,10,,C128471 ,1,,C130854 ,1
C127128 ,1,,C128475 ,1,,C130855 ,1
C127148 ,14,,C128481 ,12,,C130915 ,1
C127335 ,2,,C128530 ,2,,C130945 ,1
C127336 ,1,,P128710 ,2,,KF131176 ,1
C127337 ,1,,KF128824 ,11,,KF131187 ,14
C127341 ,2,,KF128832 ,20,,KF131188 ,2
C127482 ,2,,KF129043 ,6,,KF131191 ,1
C127486 ,6,,KF129046 ,1,,KF131193 ,3
C127501 ,3,,KF129068 ,1,,KF131194 ,4
C127542 ,2,,KF129080 ,3,,KF131195 ,13
C127543 ,3,,KF129082 ,5,,KF131225 ,1
C127544 ,4,,KF129085 ,5,,KF131230 ,2
C127545 ,3,,KF129089 ,4,,KF131240 ,14
C127547 ,3,,KF129090 ,8,,KF131241 ,1
C127548 ,4,,KF129106 ,11,,KF131242 ,2
C127742 ,1,,C129228 ,18,,KF131471 ,2
C127745 ,3,,C129617 ,1,,C131533 ,10
C127746 ,2,,CA129653 ,6,,C131536 ,3
C127747 ,2,,C129829 ,6,,C131642 ,1
C127748 ,1,,C129831 ,27,,KF131681 ,14
C127750 ,26,,C129835 ,6,,KF131715 ,1
,,"LC VOUGHT, CHICAGO PNEUMATIC DRILL PARTS, PAGE 34 ",,,,,
,,CHICAGO PNEUMATIC DRILL PARTS ,,,,,
Part Number,Qty,,Part Number,Qty,,Part Number,Qty
BR132073 ,2,,C136898 ,8,,C138593 ,6
R132118 ,1,,C136906 ,1,,C138665 ,14
DC132164 ,6,,C136940 ,3,,C138666 ,8
C132200 ,1,,C136941 ,2,,C138667 ,5
KF132245 ,1,,KF137099 ,1,,C138668 ,1
C132301 ,36,,C137155 ,1,,C138669 ,27
C132695 ,8,,P137157 ,2,,C138670 ,33
R132715 ,1,,R137357 ,1,,C138671 ,1
R132717 ,2,,R137580 ,2,,C138672 ,10
R132720 ,1,,R137609 ,7,,C138677 ,5
R132729 ,24,,R137740 ,1,,C138678 ,18
R132731 ,2,,R137741 ,1,,C138679 ,19
R132732 ,2,,R137743 ,2,,C138682 ,5
R132736 ,1,,KF137844 ,18,,C138703 ,6
C133079 ,30,,KF138246 ,1,,C138704 ,6
C133080 ,4,,C138392 ,20,,C138730 ,1
C133103 ,4,,C138404 ,22,,C138735 ,14
KF133288 ,10,,C138471 ,83,,C138753 ,4
R133434 ,,,C138474 ,6,,C138778 ,8
C133477 ,2,,C138510 ,3,,C138779 ,7
R133758 ,4,,C138512 ,3,,C138780 ,19
C133856 ,2,,C138514 ,2,,C138781 ,5
C134125 ,11,,C138515 ,9,,C138782 ,30
CA134286 ,1,,C138516 ,15,,C138783 ,99
C134352 ,1,,C138517 ,5,,C138785 ,21
C134374 ,14,,C138518 ,4,,C138786 ,18
C134460 ,25,,C138519 ,74,,C138787 ,12
C134712 ,2,,C138520 ,15,,C138788 ,13
P134952 ,1,,C138521 ,2,,C138789 ,8
P135806 ,1,,C138522 ,7,,C138790 ,5
C135810 ,1,,C138523 ,99,,C138791 ,3
C136025 ,1,,C138524 ,36,,C138792 ,5
C136027 ,4,,C138525 ,21,,C138793 ,2
C136031 ,6,,C138526 ,2,,C138794 ,3
C136032 ,6,,C138527 ,3,,C138795 ,3
C136033 ,26,,C138528 ,5,,C138796 ,16
C136046 ,41,,C138529 ,4,,C138797 ,16
C136049 ,2,,C138530 ,45,,C138798 ,22
C136646 ,4,,C138531 ,7,,C138799 ,16
C136745 ,1,,C138532 ,18,,C138800 ,18
C136877 ,2,,C138533 ,18,,C138801 ,4
C136881 ,1,,C138534 ,5,,C138802 ,3
,,"LC VOUGHT, CHICAGO PNEUMATIC DRILL PARTS, PAGE 35 ",,,,,
,,CHICAGO PNEUMATIC DRILL PARTS ,,,,,
Part Number,Qty,,Part Number,Qty,,Part Number,Qty
C138803 ,3,,C139022 ,24,,P144146 ,4
C138804 ,9,,C139023 ,5,,P144153 ,3
C138809 ,28,,C139024 ,7,,P144197 ,12
C138865 ,2,,C139032 ,10,,P155584 ,4
C138866 ,7,,C139181 ,2,,R278011 ,1
C138867 ,2,,C139197 ,19,,R278015 ,4
C138874 ,86,,C139198 ,11,,R278024 ,2
C138898 ,3,,C139200 ,10,,R278081 ,10
C138901 ,1,,C139214 ,1,,R278083 ,11
C138904 ,1,,C139243 ,7,,R278084 ,2
C138926 ,7,,C139261 ,3,,R278087 ,1
C138982 ,4,,C139276 ,10,,R278088 ,4
C138988 ,12,,C139277 ,3,,R278089 ,1
C138989 ,41,,C139330 ,12,,R278090 ,2
C138990 ,12,,C139332 ,19,,R278091 ,2
C138991 ,1,,C139333 ,17,,R278093 ,1
C138993 ,6,,C139340 ,50,,R278094 ,4
C138994 ,4,,C139430 ,13,,R278095 ,1
C138995 ,10,,C139608 ,14,,R278096 ,2
C138996 ,12,,C139609 ,20,,R278101 ,3
C138997 ,12,,C139610 ,4,,R278103 ,99
C138998 ,4,,C139611 ,11,,R278107 ,2
C138999 ,4,,C139699 ,11,,R278110 ,2
C139000 ,8,,C139701 ,12,,R278111 ,4
C139003 ,11,,C139724 ,8,,R278114 ,2
C139004 ,12,,C139757 ,38,,R278118 ,7
C139005 ,10,,C139825 ,3,,R278120 ,60
C139006 ,9,,C139912 ,2,,N403281 ,2
C139007 ,10,,C139946 ,20,,N403469 ,2
C139008 ,10,,C139999 ,2,,N410094 ,1
C139009 ,4,,C140008 ,2,,N410265 ,1
C139010 ,28,,C140096 ,5,,N410277 ,3
C139011 ,10,,C140302 ,1,,N410291 ,2
C139012 ,10,,KF140368 ,10,,N410302 ,4
C139013 ,4,,C140778 ,5,,N410373 ,1
C139014 ,12,,P141029 ,3,,N410435 ,4
C139015 ,10,,C141517 ,1,,N410445 ,6
C139016 ,16,,C141518 ,1,,N410596 ,1
C139017 ,7,,C141520 ,1,,N410597 ,1
C139018 ,26,,C141521 ,1,,N410598 ,1
C139020 ,8,,P141658 ,1,,N410803 ,1
C139021 ,10,,A142999 ,29,,N411247 ,1
,,"LC VOUGHT, CHICAGO PNEUMATIC DRILL PARTS, PAGE 36 ",,,,,
,,CHICAGO PNEUMATIC DRILL PARTS ,,,
Part Number,Qty,Part Number,Qty,Part Number,Qty
N411326 ,1,,,,
N411921 ,1,,,,
N412786 ,1,,,,
N413060 ,1,,,,
N413308 ,4,,,,
N434720 ,1,,,,
F813308 ,3,,,,
F813728 ,3,,,,
F813908 ,3,,,,
F813911 ,3,,,,
F814228 ,1,,,,
F814775 ,4,,,,
F814776 ,2,,,,
F814928 ,1,,,,
F815071 ,1,,,,
F815343 ,2,,,,
F815389 ,1,,,,
F826892 ,3,,,,
FP9729564 ,4,,,,
,,"LC VOUGHT, CHICAGO PNEUMATIC DRILL PARTS, PAGE 37 ",,,
