,Gardner Denver Compressor Parts and More ,,,,,,
Part Number ,Quantity ,,Part Number ,Quantity ,,Part Number ,Quantity 
AAA23 ,1,,ACM1GS ,1,,AXF229 ,15
AAB19 ,2,,ACM507 ,6,,A11039 ,1
AAD208 ,3,,ACM526 ,1,,A22008 ,1
AAD294 ,3,,ACO15A020 ,1,,A22011 ,1
AAE128 ,1,,ACR557 ,2,,A22027 ,14
AAE298 ,4,,ADA127D ,31,,A22031 ,1
AAF773 ,3,,ADA127E ,1,,A22069 ,2
AAG194 ,1,,ADA15 ,7,,C1F2A1 ,1
AAG507 ,1,,ADA204 ,23,,DEA25 ,2
AAH176 ,2,,ADA204H ,10,,EAU68947 ,3
AAH506 ,1,,ADA508 ,22,,ESG66568 ,1
AAH507 ,1,,ADD1GS ,1,,EWC2Q735 ,1
AAL217 ,1,,ADD127E ,2,,FH50 ,10
AAW5 ,2,,ADD15 ,2,,FN46 ,2
AA128 ,2,,ADD15010 ,1,,FXF289 ,1
AA129 ,3,,ADD247 ,20,,G2F84 ,6
ABH336 ,4,,ADD248 ,1,,G7F161S ,1
ABL11 ,4,,ADD250 ,3,,HAC320 ,6
ABL164X ,5,,ADD251010 ,2,,HAE117AB ,12
ABL185 ,9,,ADD3 ,1,,HAE117AC ,1
ABL202 ,4,,ADD959 ,1,,HAE117X ,2
ABL507 ,1,,ADF127 ,6,,HAE14 ,8
ABR15 ,37,,ADF15 ,1,,HB45 ,1
ABW3B ,3,,ADF217 ,2,,K65 ,12
AB23 ,4,,ADF251 ,1,,LAB4A ,1
ACA1GS ,1,,ADF58361 ,1,,LAD3B ,3
ACA15 ,1,,ADK194 ,1,,LAF3B ,3
ACA2 ,1,,ADK214 ,1,,LAF72350 ,3
ACC11 ,1,,ADK467 ,2,,LNP21 ,8
ACC274 ,40,,ADL2 ,2,,NC66 ,22
ACC526 ,3,,ADL7 ,2,,NTK251A ,2
ACC7GS ,2,,ADO576 ,2,,NTK4A ,2
ACD127 ,5,,ADR59834 ,1,,OS30 ,3
ACD127C ,1,,ADS164B ,1,,OS48 ,4
ACD5 ,1,,ADS164F ,2,,OS97 ,1
ACD506 ,2,,ADS197 ,4,,PQ160012 ,2
ACD507 ,3,,ADS2 ,2,,RLB16 ,5
ACE164 ,2,,ADS32 ,2,,RLC16 ,6
ACE164N ,1,,AF318 ,2,,RLD16 ,6
ACE164P ,1,,ATD74976 ,1,,RXB13 ,7
ACE164X ,2,,AUX99 ,2,,RXC8 ,10
ACE19 ,8,,AVL74989 ,2,,RXD199 ,1
ACE520 ,2,,,,,RXD330 ,13
,,,,,,RXD487 ,1
,,Gardner Denver Compressor Parts and More ,,,,,
Parts Number ,Quantity ,,Part Number ,Quantity ,,Part Number ,Quantity 
RXE60A ,2,,VB37164A ,2,,WBC217 ,1
RXE635 ,1,,VB37164C ,2,,WBD193 ,2
R600346 ,1,,VB37202B ,1,,WBD944 ,1
R600944 ,1,,VB42164 ,1,,WBF194 ,1
R9008 ,8,,VB42164A ,10,,WBF202 ,2
SPF68331 ,1,,VB42164C ,10,,WBF563 ,4
SP63825 ,1,,VB42202 ,30,,WBG194 ,4
SP63826 ,3,,VB42202B ,1,,WBG293 ,1
SSE66792 ,2,,VB46164A ,3,,WBG8GS ,2
SSF65888 ,1,,VB46164C ,1,,WBJ8GS ,6
SSF72654 ,1,,VB46202B ,2,,WBJ944 ,3
SST72551 ,1,,VB46202H ,3,,WBK168 ,3
SSU67269 ,2,,VB706 ,6,,WBK185 ,1
S12541C ,1,,WAE381 ,1,,WBK43 ,2
S125635 ,1,,WAF164 ,11,,WCL51096 ,4
S12586 ,1,,WAF164AW ,1,,WEK203 ,1
S600203 ,2,,WAF506 ,3,,WEN63803 ,1
S600203A ,1,,WAF507 ,3,,WFO128 ,11
S60044 ,1,,WAG185 ,1,,WFO164 ,2
S6006 ,1,,WAG197A ,1,,WFO194 ,3
S600635 ,6,,WAG254 ,12,,WFO202 ,42
S600638 ,3,,WAG506 ,3,,WFO203A ,26
S600930A ,2,,WAG508 ,3,,WFO207 ,19
S9008 ,2,,WAG68 ,1,,WFO467 ,2
TDA4222 ,1,,WAH576 ,5,,WHH567 ,1
TD5659A ,2,,WAJ123 ,1,,WHN11 ,2
U175 ,1,,WAJ194 ,13,,WHN185 ,5
VAB381 ,6,,WAJ217 ,12,,WHN194 ,6
VAB569 ,1,,WAJ226 ,16,,WHR128 ,1
VA207 ,25,,WAJ254 ,5,,WHR164A ,1
VA37105A ,4,,WAJ505 ,2,,WHR164E ,1
VA37164B ,1,,WAJ526 ,3,,WLD43 ,1
VA37203B ,3,,WAJ6 ,1,,WLD706 ,3
VA42105A ,2,,WAJ649 ,1,,WLJ15 ,7
VA42203A ,6,,WAJ706 ,2,,WLJ15.030 ,2
VA46164A ,3,,WAJ707 ,3,,WLN185 ,3
VA46164B ,1,,WAK164X ,2,,WLN7A ,3
VA46164X ,1,,WAK164Y ,1,,WRA75056 ,2
VA46203B ,1,,WAK203P ,2,,WSN15 ,4
VA46217 ,9,,WAK203X ,19,,WSN15.030 ,2
VA46260 ,1,,WAK217 ,1,,WSO164 ,1
VB218 ,4,,WAK226 ,5,,WSO202 ,1
VB30164C ,3,,WAU185 ,2,,WSO260 ,6
VB30202C ,1,,WAU217 ,9,,WSO507A ,1
VB30218 ,2,,WAU467 ,2,,WXE381 ,1
,,Gardner Denver Compressor Parts and More ,,,,,
Part Number ,Quantity ,,Part Number ,Quantity ,,Part Number ,Quantity 
YC127 ,3,,1VA30202E ,1,,1155095,6
YC127X ,1,,1VA37217 ,2,,1155138,15
Y834 ,1,,1VA46217 ,11,,1155140,1
1AAD194 ,1,,1VB30185 ,2,,1155162,1
1AAH11 ,2,,1VB30260 ,2,,1155163,1
1AAH202 ,19,,1VB3067 ,2,,1155168,1
1AAH203K ,17,,1VB3767 ,21,,1155170,29
1AAH203X ,3,,1VB4667 ,19,,1155170,2
1AAH506 ,12,,1VB5867 ,1,,1155178,2
1AA16 ,1,,1V45715 ,1,,1155213,1
1ABL164A ,1,,1WAG194 ,2,,1155283,4
1ABL217 ,3,,1WAG217 ,2,,1155299,4
1ABL467 ,4,,1WAG467 ,51,,1155300,8
1ACA507 ,1,,1WAG507 ,2,,1155301,6
1ACC11 ,1,,1WAJ235 ,8,,1155306,18
1ACC15 ,1,,1WAJ38 ,1,,1155307,2
1ACC7 ,3,,1WAJ5 ,2,,1155309,1
1ACD128 ,1,,1WAJ511 ,1,,1155311,2
1ACD2 ,1,,1WBF507 ,1,,1155313,4
1ACD507 ,1,,1WBF563 ,2,,1155314,5
1ADA7A ,6,,1WBG299 ,1,,1155315,1
1ADD563 ,31,,1WBG467 ,1,,1155316,8
1ADF194 ,1,,1WBG507 ,15,,1155320,1
1ADF217 ,2,,1WBG563 ,2,,1155323,5
1ADF246 ,2,,1WBJ90 ,4,,1155358,4
1ADK185 ,1,,1WFO194 ,7,,1155371,1
1ADK467 ,1,,1WFO506A ,13,,1155374,6
1ADS576 ,1,,1WFO506B ,6,,1155382,1
1AG3 ,2,,1WFO507A ,4,,1155387,4
1AUX369 ,1,,1WGG194 ,2,,1155391,1
1AUX376 ,6,,1WHD359 ,1,,1155438,1
1AUX50 ,2,,1WHN194 ,3,,1155491,1
1FXX840 ,2,,1WLD511 ,3,,1155505,2
1HAB60A ,1,,10S600188 ,1,,1155510,14
1NTA3 ,1,,10VB200 ,1,,1155517,2
1PQ113 ,1,,10VB42194 ,2,,1155618,3
1RXB330 ,1,,11AUX87 ,1,,1155683,1
1RXB509 ,1,,11FF39 ,1,,1155738,2
1RXD636 ,4,,1151171,1,,1155740,1
1RXE60A ,2,,1155008,1,,1155742,2
1S1236 ,2,,1155016,1,,1155800,2
1S60015 ,3,,1155024,1,,1155813,31
1S60040 ,2,,1155073,5,,1155864,3
1S90015 ,2,,1155091,3,,1155879,4
,,,,,,1155932,1
,,Gardner Denver Compressor Parts and More ,,,,,
Part Number ,Quantity ,,Part Number ,Quantity ,,Part Number ,Quantity 
1155936,2,,1157993,16,,12T3 ,1
1155996,1,,1158022,3,,12T30 ,3
1156125,1,,1158027,11,,12T31 ,6
1156281,1,,116431,6,,12T35 ,2
1156282,1,,117699,6,,12T37 ,8
1156306,1,,118011,1,,12U22 ,1
1156309,1,,118012,2,,12U29 ,9
1156353,2,,12AD7 ,2,,12W35 ,5
1156366,1,,12AJ1 ,6,,127799,2
1156403,1,,12AK1 ,1,,13AE31 ,1
1156612,5,,12AK10 ,1,,13VB46194 ,3
1156657,1,,12AK3 ,4,,14AUX79 ,1
1156658,4,,12AP1 ,2,,1403524,1
1156780,1,,12AP2 ,2,,1403881-1 ,1
1157028,3,,12AR28 ,1,,1405501,20
1157042,4,,12BA52 ,1,,1405594,2
1157043,1,,12BA53 ,2,,1405703,1
1157065,2,,12BA54 ,2,,1407763,10
1157073,1,,12BA55 ,2,,1409028,2
1157077,1,,12BA7 ,1,,1413733,1
1157083,2,,12C56 ,1,,1414760,1
1157114,1,,12C60 ,1,,1414960,1
1157202,1,,12F13 ,2,,1415262,2
1157211,3,,12F14 ,1,,1415887,1
1157219,2,,12F34 ,1,,1416611,5
1157220,2,,12F54 ,2,,1416956-02 ,1
1157245,3,,12F55 ,2,,1417451-05 ,2
1157365,4,,12F8 ,32,,1419503,21
1157388,3,,12GD17 ,3,,15AUX18 ,1
1157439,1,,12GE7 ,2,,15AUX373 ,1
1157443,5,,12GG6 ,10,,16A4C3 ,1
1157455,2,,12J1 ,3,,1755012,2
1157509,1,,12K101 ,4,,19AUX23 ,1
1157510,2,,12K102 ,2,,19YC14 ,1
1157545,1,,12K49 ,2,,2AAB215 ,99
1157574,6,,12M1 ,8,,2AAB520 ,3
1157591,1,,12M20 ,8,,2AAD507 ,2
1157637,3,,12M22+.030 ,48,,2AAH128 ,7
1157637,3,,12M27 ,16,,2AAH164H ,6
1157659,12,,12M30 ,4,,2AAH164X ,33
1157690,3,,12M31 ,10,,2AAH185 ,7
1157713,25,,12M35 ,2,,2AAH502 ,4
1157714,1,,12M36 ,4,,2AAH507 ,1
1157883,3,,12RA28 ,4,,2ABL467 ,1
1157939,3,,12T24 ,1,,2ABL563 ,1
,,Gardner Denver Compressor Parts and More ,,,,,
Part Number ,Quantity ,,Part Number ,Quantity ,,Part Number ,Quantity 
2ACD128 ,1,,20B51 ,1,,200VEG307 ,1
2ACD128A ,2,,200ACD006 ,2,,200VEH202 ,2
2ACD128E ,2,,200ACL003A ,3,,200VEH203A ,1
2ADD217 ,1,,200ADL174 ,2,,2005023,1
2ADD506 ,3,,200AOL003A ,4,,2005200,3
2AUX104 ,62,,200AVL715 ,26,,2005212,1
2AUX118 ,1,,200AVS015 ,1,,2005215,1
2AUX98 ,4,,200ESF247 ,1,,2005236,2
2AUX99 ,1,,200ESG715 ,1,,2005316,1
2FXF425 ,2,,200ESV064 ,3,,2005355,1
2HAB13 ,2,,200FGG039 ,4,,2005600,1
2HAB194 ,7,,200SAQ342 ,1,,2006164,12
2HAB199 ,1,,200SAQ406H ,1,,2006165,7
2HAB570 ,2,,200SPF123 ,1,,2006167,14
2HAC194 ,6,,200SPF182 ,1,,2006602,2
2HAC320 ,1,,200SPF227 ,4,,2006605,1
2HAE12 ,2,,200SPF229 ,17,,2006907,10
2HAE128 ,4,,200SPF392 ,1,,2007242,37
2RXD60A ,2,,200SPF527A ,3,,2007245,13
2R125266 ,1,,200SPH701 ,1,,2007366,2
2R125274 ,2,,200SPN540 ,4,,2007445,2
2R125608 ,3,,200SPQ322 ,1,,2007452,1
2R60015 ,1,,200SPQ094 ,1,,2007822,9
2S12546 ,3,,200SPQ518 ,3,,2007933,7
2S25043A ,2,,200SPT322 ,1,,2008009,3
2S600267 ,4,,200SPX518 ,76,,2008016,3
2S60040 ,2,,200SSD253 ,1,,2008018,10
2S6006 ,1,,200SSE041A ,1,,2008019,34
2VA105A ,99,,200SSF041A ,1,,2008027,3
2VB46217 ,3,,200SSL065 ,3,,2008032,4
2WAG185 ,7,,200SSQ044 ,1,,2008053,2
2WAG217 ,3,,200SSQ067 ,3,,2008054,4
2WAG506 ,14,,200SSQ247 ,1,,2008084,3
2WAJ15 ,7,,200SSU031 ,2,,2008088,6
2WAJ511 ,1,,200SSU082 ,2,,2008090,60
2WAJ683 ,1,,200SSU360 ,1,,2008092,3
2WAK164A ,4,,200SSW044A ,2,,2008093,4
2WAK164B ,5,,200SSW483 ,1,,2008094,1
2WBJ15 ,8,,200VAB307 ,2,,2008150,2
2WFO217 ,12,,200VBK203 ,1,,2008160,1
2WFO506A ,4,,200VBL128 ,1,,2008165,12
2WFO507A ,9,,200VBL307 ,1,,2008176,7
2WSO194 ,24,,200VDL206 ,2,,2008183,6
2YA14 ,1,,200VDL706 ,2,,2008212,1
20B46 ,2,,200VDL715 ,39,,2008213,1
,,Gardner Denver Compressor Parts and More ,,,,,
Part Number ,Quantity ,,Part Number ,Quantity ,,Part Number ,Quantity 
2008219,10,,201SPQ715 ,3,,2010859,1
2008309,1,,201SSE044A ,1,,2010860,3
2008411,99,,201SSF050 ,1,,2010861,4
2008501,1,,201SSF253 ,2,,2010945,1
2008517,12,,201SSW483 ,1,,2010970,99
2008523,3,,201VBH307 ,1,,2011137,1
2008544,5,,201VCA307 ,2,,2011952,1
2008545,2,,201VEA306C ,4,,2012191,4
2008558,2,,2010038,7,,2012305,12
2008560,1,,2010049,26,,2012308,1
2008581,16,,2010062,38,,2012470,1
2008585,1,,2010063,4,,2012567,1
2008590,1,,2010080,1,,2012613,1
2008711,1,,2010193,3,,2012679,1
2008814,2,,2010218,2,,2012744,2
2008864,6,,2010249,3,,2012768,2
2008910,1,,2010299,12,,2012821,1
2008953,1,,2010300,2,,2012822,1
2009006,1,,2010303,2,,2012922,14
2009281,3,,2010304,2,,2012923,1
2009471,1,,2010305,3,,2013207,2
2009479,1,,2010312,1,,2013304,9
2009499,1,,2010347,1,,2013305,5
2009711,25,,2010348,1,,2013312,2
2009741,3,,2010352,1,,2013320,2
2009742,1,,2010353,22,,2013439,1
2009750,2,,2010354,20,,2013492,1
2009752,3,,2010355,3,,2013499,2
2009753,1,,2010433,7,,2013672,4
2009757,1,,2010493,11,,2013682,6
2009777,2,,2010498,1,,2013696,2
2009881,2,,2010509,1,,2013994,1
2009890,2,,2010553,10,,2014240,2
2009901,2,,2010566,4,,2014249,61
2009903,5,,2010567,10,,2014251,3
201ACR174 ,2,,2010568,4,,2014414,1
201ADL174 ,2,,2010575,1,,2014449,1
201AVL003B ,3,,2010604,3,,2014477,56
201AVL715 ,2,,2010605,3,,2014490,1
201EDM369 ,1,,2010607,3,,2014829,1
201SAW144 ,4,,2010608,1,,2016727,2
201SPH123 ,1,,2010611,1,,2018154,4
201SPH715 ,16,,2010696,1,,202ACR174 ,2
201SPH814 ,1,,2010755,2,,202SPH123A ,2
201SPQ701 ,8,,2010757,4,,202SSF050 ,1
,,Gardner Denver Compressor Parts and More ,,,,,
Part Number ,Quantity ,,Part Number ,Quantity ,,Part Number ,Quantity 
202SSF181 ,1,,2109775,2,,25AV18 ,8
202SSW044A ,3,,2115749,2,,25A18 ,2
202SSW247 ,1,,22AUX27 ,10,,25A21N ,1
202VDL306B ,2,,22276,1,,25A25N ,39
202VEG307B ,1,,24AUX18 ,2,,25A36 ,3
203ACR174 ,2,,24A119 ,2,,25A4 ,7
203ASK105 ,2,,24A120 ,3,,25A6 ,4
203SSW515 ,1,,24A157 ,1,,25BC130 ,1
203VEH306 ,1,,24A189 ,1,,25BC141 ,1
204SSY732 ,20,,24A88 ,3,,25BC202 ,9
205SSY732 ,24,,24B44 ,1,,25BC205 ,1
206SSE315 ,1,,24CA536 ,6,,25BC206 ,1
207SSY732 ,17,,24CA538 ,13,,25BC287 ,1
208SSY732 ,12,,24CA73 ,1,,25BC288 ,6
2086682,2,,24CA875 ,1,,25BC290 ,1
21AUX331 ,1,,24CA981 ,15,,25BC5 ,22
21B34 ,4,,24CA990 ,2,,25BC5N ,10
21B35 ,1,,24R11 ,1,,25B19 ,2
21B58 ,1,,25AA38 ,6,,25B22 ,7
21B88 ,2,,25AA41 ,12,,25B25 ,18
21B89 ,21,,24AA42 ,1,,25B51 ,16
21D11 ,7,,25AA44 ,2,,25B8 ,4
21D1 ,15,,25AA45 ,4,,25C1176 ,2
21D18 ,5,,25AA50 ,11,,25C1187 ,1
21D2 ,2,,25AH10 ,99,,25C131N ,5
21D20 ,6,,25AH14 ,1,,25C1321 ,6
21D6 ,1,,25AH2 ,10,,25C1325 ,8
21D8 ,38,,25AH22 ,2,,25C1326 ,9
21S60017 ,2,,25AH24 ,2,,25C1327 ,2
2100240,20,,25AH26 ,3,,25C1328 ,1
2101056,2,,25AH3 ,39,,25C1329 ,26
2103185,7,,25AH32 ,1,,25C1330 ,52
2109078,4,,25AH34 ,1,,25C1331 ,5
2109079,6,,25H38 ,1,,25C1346 ,8
2109083,2,,25AH6 ,99,,25C1366 ,1
2109084,3,,25AL53 ,14,,25C144 ,6
2109085,2,,25AL54 ,9,,25C1516 ,1
2109086,3,,25AL60 ,6,,25C1519 ,7
2109093,2,,25AM10 ,12,,25C155 ,16
2109118,1,,25AM11 ,6,,25C1554 ,10
2109295,2,,25AM3 ,50,,25C1568 ,2
2109429,1,,25AM5 ,3,,25C157 ,25
2109463,1,,25AM6 ,2,,255C1581 ,1
2109466,42,,25AM7 ,3,,25C159 ,12
2109648,2,,25AM9 ,99,,25C1665 ,16
,,Gardner Denver Compressor Parts and More ,,,,,
Part Number ,Quantity ,,Part Number ,Quantity ,,Part Number ,Quantity 
25C1666 ,7,,25C2132 ,1,,25C855 ,3
25C1667 ,4,,25C2221 ,10,,25C97 ,3
25C1670N ,2,,25C2379 ,1,,25D107 ,11
25C1681 ,6,,25C2389 ,2,,25F13 ,68
25C1682 ,3,,25C2399 ,43,,25F15 ,38
25C1698 ,17,,25C2414 ,21,,25F16 ,4
25C178 ,1,,25C2426 ,26,,25F18 ,3
25C179 ,2,,25C2428 ,1,,25F22 ,7
25C18 ,8,,25C2431 ,1,,25F38 ,15
25C1817 ,1,,25C2445 ,1,,25F56 ,20
25C1825 ,2,,25C2497 ,2,,25F9 ,68
25C1826 ,67,,25C2501 ,3,,25G12 ,6
25C1827 ,21,,25C2523 ,1,,25G20 ,4
25C1832 ,31,,25C2525 ,1,,25G4 ,2
25C1833 ,16,,25C2533 ,4,,25L11 ,99
25c1848 ,20,,25C2560 ,4,,25L16 ,12
25C1852 ,13,,25C2686 ,2,,25L18 ,6
25C187 ,2,,25C2688 ,1,,25L2 ,22
25C1879 ,7,,25C365 ,7,,25L23 ,7
25C188 ,1,,25C401 ,1,,25L24 ,4
25C1882 ,24,,25C483 ,2,,25L27 ,1
25C1884 ,66,,25C491 ,99,,25L28 ,1
25C189 ,4,,25C492 ,3,,25L3 ,16
25C1898 ,30,,25C495 ,2,,25L36 ,36
25C1899 ,5,,25C500 ,1,,25L4 ,13
25C1907 ,6,,25C502 ,4,,25L5 ,13
25C191 ,2,,25C505 ,1,,25L6 ,99
25C192 ,5,,25C507 ,1,,25L7 ,75
25C193 ,3,,25C509 ,11,,25L8 ,12
25C1947 ,2,,25C516 ,6,,25L9 ,99
25C195 ,12,,25C519 ,2,,25R1 ,3
25C1953 ,1,,25C520 ,2,,25R11 ,2
25C1961 ,2,,25C531 ,3,,25R15 ,41
25C1962 ,2,,25C541 ,4,,25R23 ,30
25C1972 ,8,,25C542 ,2,,25R23N ,5
25C1987 ,1,,25C549 ,2,,25R27 ,6
25C1988 ,1,,25C550 ,3,,25R30 ,1
25C2003 ,2,,25C552 ,1,,25R39 ,82
25C2008 ,1,,25C557 ,8,,25R4 ,9
25C201 ,23,,25C558 ,1,,25R4N ,16
25C206 ,2,,25C577 ,16,,25R5 ,4
25C2062 ,1,,25C603 ,4,,25R53 ,99
25C2068 ,34,,25C792 ,6,,25R53N ,8
25C2105 ,2,,25C800 ,10,,25R60 ,7
25C211 ,8,,25C823 ,2,,25R8 ,1
,,Gardner Denver Compressor Parts and More ,,,,,
Part Number ,Quantity ,,Part Number ,Quantity ,,Part Number ,Quantity 
25R98 ,3,,3S1251A ,1,,46C18 ,1
25T6 ,2,,3VB46214 ,14,,46C44 ,1
25W21 ,99,,3VB46217 ,4,,48F3 ,1
25W24 ,99,,3WAJ123 ,1,,49C44 ,1
25W35 ,99,,3WAJ712 ,3,,49C50 ,1
25W40 ,2,,3WSO194 ,1,,5aab215 ,1
25W44 ,2,,3XJ203X ,18,,5ABL194 ,3
25W54 ,2,,3YB127X ,1,,5ACE128X ,1
25W62 ,15,,3YB14 ,1,,5ADD506 ,1
26A18 ,1,,3YC127B ,1,,5ADD507 ,4
26B2 ,2,,30C7 ,1,,5ADS2 ,1
26C1 ,1,,31D38 ,3,,5AUX525 ,1
26C5 ,2,,32B15 ,18,,5A46 ,1
27A1 ,1,,32B5 ,2,,5C19 ,5
27A126 ,8,,3.20E+02 ,1,,5C7 ,3
27A15 ,7,,33F34 ,4,,5.00E+11 ,2
27A154 ,1,,35C124 ,1,,5.00E+14 ,2
27B15 ,1,,35B128 ,2,,5.00E+02 ,72
27B17 ,2,,35B143 ,1,,5.00E+20 ,7
27B18 ,1,,35B188 ,1,,5.00E+05 ,1
27B21 ,1,,35B204 ,1,,5HAC330 ,1
27B5 ,1,,35B3 ,4,,5H15 ,2
27H1 ,1,,35B35 ,2,,5K1 ,1
27H11 ,1,,35B4 ,2,,5L36 ,1
27J1 ,1,,35B79 ,92,,5RXD199 ,4
27N2 ,4,,35C120 ,1,,5R60027A ,1
27P41 ,2,,35C125 ,1,,5XJ202 ,2
27P43 ,4,,35C179 ,4,,5YC14 ,10
27P54 ,1,,35D14 ,1,,50AF7 ,2
27P66 ,1,,35D7 ,7,,50AF8 ,5
27P67 ,2,,39A15 ,9,,50AH3 ,35
28AUX563 ,1,,39A5 ,4,,50AH5 ,99
29A103 ,1,,4AAB79 ,6,,50AH8 ,7
29A58 ,1,,4ACC3A ,2,,50AW10 ,2
29C22 ,1,,4AUX3 ,1,,50AW8 ,8
29Q10 ,1,,4AUX79 ,1,,50C10 ,2
29Q99 ,18,,4AUX79A ,2,,50C5 ,26
3AAG507 ,1,,4HAB330 ,1,,50C9 ,19
3AUX369A ,1,,4RXD60A ,1,,5.00E+04 ,99
3HAB330 ,27,,4R12540 ,1,,5.00E+05 ,99
3HAB570 ,1,,4R60036 ,1,,5.00E+06 ,62
3LBF568 ,1,,4VAB69 ,1,,5.00E+08 ,31
3R60015 ,3,,4.00E+38 ,5,,5.00E+10 ,31
3R60044 ,1,,44AUX224 ,1,,50F3 ,40
3S115715 ,2,,45D278 ,1,,50F8 ,4
,,Gardner Denver Compressor Parts and More ,,,,,
Part Number ,Quantity ,,Part Number ,Quantity ,,Part Number ,Quantity 
50G14 ,3,,6R60042 ,1,,60F30 ,1
50G3 ,2,,6VB46185 ,1,,60G105 ,27
50G9 ,8,,60AE22 ,11,,60G114 ,1
50K8 ,24,,60AE6 ,7,,60G117 ,1
50M1 ,12,,60AM22 ,6,,60G124 ,6
50Q13 ,24,,60AM30 ,10,,60G133 ,32
50Q14 ,54,,60AM44 ,1,,60G137 ,4
50Q16 ,2,,60AM46 ,39,,60G141 ,2
50Q18 ,16,,60AW9 ,2,,60G149 ,3
50T137 ,1,,60AY12 ,2,,60G15 ,1
50T15 ,6,,60A318 ,2,,60G150 ,3
50T18 ,1,,60A319 ,4,,60G195 ,1
50T19 ,1,,60BC11 ,1,,60G21 ,4
50T47 ,2,,60BC6 ,4,,60G214 ,2
50T67 ,4,,60BG1 ,5,,60G220 ,1
50V20 ,1,,60BG2 ,5,,60G222 ,3
50V25 ,1,,60BG3 ,3,,60G23 ,2
50V48 ,4,,60BG36 ,7,,60G26 ,4
50Z14 ,2,,60BG40 ,1,,60G3 ,2
50V16 ,1,,60BG41 ,3,,60G34 ,15
50Z9 ,3,,60BG44 ,2,,60G35 ,9
5018366,2,,60BG5 ,10,,60G4 ,4
50346,3,,60BG7 ,2,,60G63 ,1
51E339 ,1,,60BG74 ,3,,60G8 ,2
51E346 ,2,,60BH11 ,3,,60G87 ,11
51L7 ,2,,60BH13 ,5,,60G88 ,7
51V11 ,1,,60BH14 ,9,,60G94 ,3
51008,1,,60BH2 ,12,,60Y1 ,4
54C14 ,6,,60BP10 ,3,,60Y17 ,3
54C161 ,1,,60BP15 ,1,,61J22 ,5
54C165 ,15,,60BQ6 ,2,,61J23 ,7
54C196 ,5,,60BT10 ,2,,61K38 ,8
54C201 ,3,,60BT11 ,1,,61K39 ,14
54C206 ,1,,60DD11 ,1,,61K45 ,1
54C217 ,1,,60DD21 ,71,,61K46 ,1
54C234 ,5,,60DD40 ,12,,62A156 ,3
54C246 ,3,,60DD43 ,37,,62A46 ,4
54C248 ,1,,60DD5 ,2,,62A50 ,1
54C28 ,2,,60DD513 ,6,,6.20E+15 ,15
55B12 ,1,,60DD53 ,5,,6.20E+35 ,4
55B3 ,1,,60DD94 ,99,,6.20E+47 ,2
5826902,1,,60DD95 ,2,,6.20E+07 ,1
6ABL194 ,2,,60D11 ,5,,62F11 ,1
6RDX199 ,1,,60F19 ,4,,62F12 ,1
6R60027A ,1,,60F20 ,1,,62F13 ,2
,,Gardner Denver Compressor Parts and More ,,,,,
Part Number ,Quantity ,,Part Number ,Quantity ,,Part Number ,Quantity 
62F18 ,2,,65AA19 ,3,,65A308 ,50
62F19 ,2,,65AA41 ,1,,65A309 ,3
62F2 ,1,,65AC12 ,10,,65A313 ,20
62F3 ,11,,65AL16 ,1,,65A314 ,8
62F37 ,10,,65AL30 ,3,,65A315 ,12
62F38 ,9,,65AM106 ,2,,65A316 ,4
62F41 ,9,,65AM107 ,1,,65A317 ,4
62F47 ,1,,65AM108 ,1,,65A318 ,4
62F64 ,2,,65AM109 ,3,,65A323 ,3
62F68 ,3,,65AM115 ,4,,65A324 ,1
62F74 ,1,,65AM118 ,13,,65A336.010 ,2
62F75 ,8,,65AM49 ,1,,65A339 ,2
62F83 ,9,,65AW12 ,1,,65A34 ,1
62F84 ,4,,65A123 ,4,,65A341.010 ,4
62F85 ,2,,65A191 ,3,,65A354.030 ,6
62F9 ,2,,65A23 ,55,,65A355.015 ,2
62J2 ,68,,65A235 ,1,,65A39 ,15
62J3 ,7,,65A239 ,4,,65A47 ,4
62J4 ,20,,65A248 ,4,,65A49 ,2
62L23 ,2,,65A248.040 ,6,,65A56 ,2
62L27 ,2,,65A25 ,2,,65A8 ,40
62L30 ,2,,65A260.010 ,6,,65B23 ,4
62L41 ,1,,65A264 ,3,,65B9 ,3
62M112 ,6,,65A27 ,6,,65H16 ,12
62M83 ,3,,65A272 ,10,,65NF102PQ ,1
62M97 ,2,,65A274 ,2,,65NF206YQ ,2
62Q4 ,2,,65A274.020 ,2,,65R1 ,3
62R101 ,4,,65A275 ,3,,65R25 ,2
62R158 ,1,,65A275.020 ,8,,65R26 ,2
62R28 ,1,,65A277 ,7,,65R3 ,6
63F12 ,1,,65A278 ,40,,65R32 ,7
64AA12 ,1,,65A278.010 ,8,,65R35.020 ,1
64AA5 ,1,,65A279 ,30,,65R4 ,8
64AC1 ,6,,65A281 ,1,,65R40 ,4
64AN1 ,4,,65A282.015 ,1,,65R41.010 ,2
64BJ4 ,2,,65A283 ,7,,65R42 ,2
64C14 ,1,,65A285.010 ,4,,65R45 ,26
64DC8 ,1,,65A285.020 ,4,,65R46 ,6
64EB41 ,1,,65A286 ,47,,65R47 ,8
64EB804 ,1,,65A287 ,1,,65R48 ,4
64EB806 ,2,,65A288.010 ,2,,65R49 ,10
6.40E+02 ,6,,65A293 ,2,,65R6 ,1
6.40E+04 ,1,,65A294 ,1,,65R7 ,2
65AA11 ,2,,65A3 ,53,,65R8 ,45
65AA16 ,6,,65A307 ,17,,65R8.020 ,1
,,Gardner Denver Compressor Parts and More ,,,,,
Part Number ,Quantity ,,Part Number ,Quantity ,,Part Number ,Quantity 
65S11 ,3,,74D27 ,1,,77A114 ,69
65S12 ,2,,75AA65 ,1,,77A115 ,1
65S14 ,2,,75A1 ,34,,77A127 ,24
65S15 ,1,,75A1N ,6,,77A480 ,18
65S15.020 ,1,,75A10 ,9,,77A481 ,5
65S19 ,3,,75A12 ,1,,77A482 ,4
65S20 ,2,,75A130 ,61,,77A483 ,2
65S20.010 ,1,,75A17 ,16,,77A487 ,6
65S30 ,1,,75A2 ,12,,77A542 ,16
65S34 ,2,,75A2N ,7,,77A93 ,1
65S37.010 ,2,,75A25 ,3,,77B18 ,1
65S51.015 ,4,,75A29 ,20,,77B22 ,2
65S52 ,2,,75A33 ,2,,77C23 ,1
65S53 ,3,,75A34 ,12,,77C26 ,5
65ST5 ,16,,75A4N ,1,,77C27 ,2
65V1 ,8,,75A9 ,12,,77H19 ,4
65V10 ,6,,75B54 ,3,,77H20 ,1
65V11 ,15,,75C10 ,12,,77H21 ,1
65V13 ,6,,75J8 ,6,,77H51 ,3
65V14 ,2,,75K21 ,1,,77H52 ,3
65V2 ,8,,75K25 ,1,,77H54 ,2
65V24 ,6,,75K69 ,3,,77H56 ,8
65V26.020 ,6,,75K80 ,25,,77H57 ,1
65V272 ,4,,75K81 ,8,,77S12517 ,1
65V3 ,3,,75LM4 ,3,,78A100 ,6
65V6 ,46,,75LM7 ,8,,78A124 ,7
65V7 ,12,,75LM73 ,1,,78A126 ,1
65V8 ,7,,76AA13 ,4,,78A127 ,2
65V8.010 ,1,,76DD14 ,2,,78A134 ,40
65W23 ,12,,76D41 ,6,,78A136 ,12
65W3 ,2,,76F1 ,2,,78A137 ,1
65Y28.030 ,4,,76GG1 ,20,,78A139 ,8
69A10 ,1,,76GG13 ,4,,78A156 ,8
69A143 ,5,,76GG17 ,34,,78A160 ,1
7AUX3 ,1,,76GG2 ,5,,78A161 ,5
7AUX525A ,1,,76GG4 ,11,,78A173 ,6
7R90022 ,1,,76GG5 ,33,,78A174 ,17
7S90036 ,1,,76GG55 ,74,,78A197 ,1
7XJ202 ,2,,76GG6 ,11,,78A223 ,1
7YA127C ,2,,76GG7 ,6,,78A24 ,88
7YC14 ,1,,76P30 ,3,,78A270 ,1
71C2 ,3,,76W3 ,4,,78A271 ,9
71C3 ,3,,77A101 ,3,,78A274 ,60
71C5 ,1,,77A103 ,8,,78A275 ,1
73B1 ,3,,77A113 ,99,,78A294 ,6
,,Gardner Denver Compressor Parts and More ,,,,,
Part Number ,Quantity ,,Part Number ,Quantity ,,Part Number ,Quantity 
78A295 ,9,,78R371 ,9,,8501241,8
78A296 ,7,,78W23 ,1,,8501246,6
78A3 ,3,,78W35 ,1,,8501260,5
78A308 ,1,,78W36 ,1,,8501269,3
78A327 ,1,,79A80 ,4,,8501275,4
78A33 ,2,,79C25 ,37,,8508097,1
78A345 ,2,,79R5 ,19,,86A135 ,2
78A348 ,2,,79V9 ,29,,86A61 ,2
78A360 ,1,,8AUX373 ,1,,8.60E+49 ,10
78A361 ,5,,8AUX87A ,2,,8.60E+61 ,2
78A363 ,1,,8R6008 ,2,,8.60E+10 ,32
78A366 ,1,,8S600188 ,1,,88A269 ,1
78A370 ,1,,8YA127A ,4,,88A301 ,1
78A371 ,7,,8YA127D ,3,,88H26 ,1
78A381 ,1,,80C4 ,24,,9AAB215 ,22
78A389 ,1,,80M5 ,6,,9AUX89 ,4
78A394 ,8,,85A377 ,1,,9B27 ,1
78A395 ,4,,8500035,4,,9R6008 ,1
78A46A ,2,,8500058,1,,9S60036 ,2
78A51 ,1,,8500059,2,,90AG2 ,99
78A59 ,4,,8500062,3,,90AG3 ,1
78A60 ,9,,8500063,1,,90AH1 ,2
78A61 ,4,,8500064,2,,90AH2 ,4
78A97 ,1,,8500065,2,,90AL40 ,7
78B10 ,6,,8500067,3,,90AL42 ,13
78B27 ,11,,8500072,1,,90AL43 ,59
78B32 ,1,,8500148,12,,90AL44 ,8
78C19 ,14,,8500155,1,,90AL46 ,1
78C2 ,5,,8500246,1,,90AL47 ,1
78C6 ,8,,8500253,5,,90AL50 ,6
78C9 ,2,,8500260,6,,90AL58 ,3
78D50 ,7,,8500275,1,,90AR106 ,1
78D66 ,10,,8500276,1,,90AR31 ,1
78D67 ,8,,8500390,2,,90AR85 ,1
78D72 ,20,,8500405,4,,90AR89 ,4
78F1 ,12,,8500406,8,,90A25 ,1
78F4 ,99,,8500753,1,,9.00E+02 ,21
78F5 ,24,,8500760,1,,9.00E+11 ,14
78F6 ,40,,8501071,4,,9.00E+12 ,81
78F7 ,99,,8501081,11,,9.00E+14 ,33
78J3 ,2,,8501180,1,,9.00E+03 ,36
78J4 ,3,,8501199,2,,9.00E+30 ,21
78K10 ,2,,8501200,7,,9.00E+04 ,62
75LM73 ,2,,8501230,1,,9.00E+31 ,2
78M1 ,1,,8501240,6,,9.00E+32 ,44
,,Gardner Denver Compressor Parts and More ,,
Part Number ,Quantity ,,Part Number ,Quantity 
9.00E+35 ,7,,95G33 ,30
9.00E+40 ,44,,95H1 ,29
9.00E+45 ,15,,95H2 ,99
9.00E+47 ,17,,95H3 ,3
9.00E+07 ,74,,95H37 ,2
9.00E+09 ,6,,95H5 ,32
90J32 ,2,,95H8 ,99
90J53 ,2,,95K3 ,6
90K137 ,1,,95N10 ,29
90K153 ,1,,95N14 ,3
90K75 ,1,,95N16 ,2
90T3 ,13,,95N9 ,9
90T4 ,11,,95V10 ,2
90U2 ,1,,97A26 ,2
90V1 ,62,,9.70E+03 ,1
90V10 ,8,,97J2 ,14
90V16 ,3,,97J35 ,1
90V2 ,22,,97J37 ,3
90V23 ,19,,98J18 ,2
90V24 ,99,,,
90V25 ,97,,,
90V26 ,99,,,
90V27 ,53,,,
90V29 ,48,,,
90V3 ,36,,,
90V31 ,19,,,
90V33 ,2,,,
90V34 ,1,,,
90V4 ,6,,,
90V5 ,17,,,
90V6 ,69,,,
90V9 ,99,,,
90W1 ,1,,,
90X11 ,6,,,
90X9 ,8,,,
92B7 ,2,,,
93C3 ,4,,,
93C6 ,1,,,
93C9 ,4,,,
95A1 ,1,,,
95A5 ,7,,,
95A15 ,3,,,
95D141 ,4,,,
95F3 ,1,,,
95G2 ,24,,,
