,INGERSOLL RAND COMPRESSOR PARTS ,,,,,,
Part Number,Qty,,Part Number,Qty,,Part Number,Qty 
AB836C6A ,1,,A43C2EWSE ,1,,A60CN1 ,1
AD6027 ,2,,A43C2WS ,13,,A60CN2AE ,3
AMDA125826 ,1,,A43C2WSFB ,4,,A60CN4 ,1
AMDA145826 ,3,,A43C3 ,46,,A60CS1 ,1
AMDA22307 ,5,,A43C33 ,15,,A60CS2 ,1
A18464 ,6,,A43C4 ,9,,A60C1 ,18
A243PC1 ,1,,A43C4FCA ,4,,A60C1WS ,1
A243PC15 ,84,,A43C5 ,11,,A60C1WSE ,12
A243PC19 ,40,,A43C6 ,10,,A60C1WSF ,13
A28CS3E ,1,,A465PC1WSC ,4,,A60C18 ,45
A28CS33P ,4,,A465PC18 ,20,,A60C18WS ,17
A28CS4E ,3,,A465PC33WS ,44,,A60C2 ,1
A36CN1 ,1,,A465PC5WS ,10,,A60C2HD ,4
A36CN2AB ,1,,A48CN1 ,8,,A60C2WSNB ,2
A36CN3WSB ,3,,A48CN4AB ,1,,A60C3 ,19
A36CN4WSB ,4,,A48CN3WS ,1,,A60C3H ,1
A36CS33 ,2,,A48CN4WS ,1,,A60C33E ,2
A36C1 ,1,,A48C1A ,4,,A60C33LP ,18
A36C1WSE ,3,,A48C1ED ,4,,A60C33WS ,13
A36C16 ,99,,A48C1WSE ,3,,A60C33WSB ,15
A36C2 ,7,,A48C1WSF ,1,,A60C4 ,23
A36C2AB ,18,,A48C16 ,3,,A60C4A ,4
A36C4WSB ,1,,A48C18WS ,6,,A60C4HC ,3
A36C6EA ,1,,A48C2 ,9,,A60C4WSB ,3
A36C6EWSE ,12,,A48C2AB ,1,,A60C5 ,6
A36C6EWSF ,6,,A48C2ED ,2,,A60C5H ,1
A36C6WSB ,8,,A48C2WSA ,5,,A60C6 ,14
A4012 ,3,,A48C2WSHD ,8,,A60C6A ,3
A43CN1 ,3,,A48C3WSE ,6,,A60C6WSMA ,4
A43CN2AC ,1,,A48C4ED ,2,,A67C1 ,4
A43CN3 ,1,,A48C6WS ,5,,A67C18 ,18
A43CN4 ,1,,A48C6W ,1,,A67C18WS ,40
A43C1 ,3,,A54CN1 ,1,,A67C2 ,16
A43C1A ,4,,A54CN2AB ,1,,A67C2WSA ,2
A43C1WSE ,8,,A54C1 ,2,,A67C20D ,3
A43C16 ,4,,A54C18 ,7,,A67C3 ,1
A43C18 ,19,,A54C2 ,1,,A67C33WS ,23
A43C18WS ,1,,A54C33 ,2,,A67C4 ,12
A43C2 ,1,,A54C33WS ,1,,A67C4WS ,4
A43C2AC ,4,,A54C5 ,2,,A67C4WSC ,2
,"LC VOUGHT INGERSOLL RAND COMPRESSOR PARTS, PAGE 1 ",,,,,,
,INGERSOLL RAND COMPRESSOR PARTS ,,,,,,
Part Number,Qty,,Part Number,Qty,,Part Number,Qty 
A67C5 ,3,,CB760913 ,2,,D40CS1 ,1
A67C6 ,4,,CB79090 ,1,,D40CS26 ,2
A67C6G ,8,,CCV17 ,1,,D40CS28 ,23
A67C6WS ,1,,CCV220 ,2,,D40CS29 ,2
A67C6WSHA ,1,,CMC36CS35 ,3,,D40CS33 ,34
A75C1 ,3,,CMK1738A ,40,,D41908 ,1
A75C1A ,6,,CMK22K1N ,3,,D42393T1 ,1
A75C1WSF ,2,,CMK22K2N ,6,,D42393T2 ,1
A75C16 ,2,,CMK36KF9A ,6,,D43511 ,1
A75C18 ,2,,CMY2814 ,5,,D43575 ,1
A75C2AB ,12,,CMY2815 ,8,,D44733 ,1
A75C2C ,3,,CMY5420 ,12,,ESV9 ,2
AA75C3 ,3,,CMY6027 ,5,,EW57549 ,1
A75C33B ,25,,CM1251125E1 ,8,,E1632T2 ,24
A75C5 ,3,,CM1251125E2 ,4,,E558TB ,41
A75C5E ,3,,CM6516 ,1,,E558TC ,99
A75C6 ,3,,CPM3008189X1 ,4,,E558TD ,13
A75C6A ,1,,CPM362B189X1 ,6,,E558TE ,25
A81C1 ,6,,CSV140A ,1,,E558TV ,2
A81C2 ,6,,CSV150A ,1,,FDG24396 ,2
A81C2D ,1,,CSV3B ,1,,FR11619T1 ,1
A81C3 ,11,,CU26983 ,5,,F140S ,1
A81C33V ,2,,CU7121 ,2,,F24835 ,2
A81C6 ,1,,C24943FP2 ,1,,F401 ,11
A81C6D ,18,,D116C16 ,24,,GSV2 ,1
A829PC18 ,16,,D116C33 ,8,,G6289 ,1
A829PC2WSC ,7,,D22228 ,1,,H11252 ,1
A829PC33WSA ,36,,D22245 ,1,,H11265 ,5
A829PC6WSC ,11,,D25C29 ,2,,H12XR71 ,4
A92C1 ,4,,D25CS1 ,2,,H13365 ,1
A92C2 ,1,,D25CS19 ,,,H14902 ,2
A92C2AB ,4,,D25CS26 ,1,,H18104 ,1
BF5706 ,2,,D25CS28 ,22,,H19276 ,13
BK52203 ,1,,D25CS33 ,1,,H22510 ,2
B968 ,9,,D26345T3 ,1,,H32783G1 ,1
CB117190 ,1,,D26894 ,1,,H51G3751 ,1
CB55092 ,2,,D27024 ,1,,H51G5212 ,1
CB58090B ,2,,D34512T1 ,1,,H51G5393 ,1
CB71211T1 ,2,,D36739 ,1,,H51G5395 ,1
CB74097 ,1,,D38503 ,1,,H51G5539 ,1
,"LC VOUGHT INGERSOLL RAND COMPRESSOR PARTS, PAGE 2 ",,,,,,
,INGERSOLL RAND COMPRESSOR PARTS ,,,,,,
Part Number,Qty,,Part Number,Qty,,Part Number,Qty 
H51G5540 ,1,,PP422 ,1,,P2069 ,8
IR300030211 ,2,,PP433 ,7,,P5039A ,50
IR50150R116 ,6,,PP438 ,7,,P5219A ,2
L600P750 ,1,,PP458 ,4,,P6080 ,2
MK10136 ,2,,PP461 ,1,,P6082 ,1
MK40040 ,1,,PP465 ,6,,P6085 ,11
MK50098 ,1,,PP467 ,1,,RA125P115 ,7
MK50232 ,10,,PP477 ,3,,RB125P750 ,9
MK50402 ,1,,PP493 ,12,,RP27036110604 ,1
MK70207 ,1,,PP500 ,1,,RSA1205W1193 ,2
MLH34646G1 ,2,,PP525 ,2,,R1151 ,1
MS2898225 ,2,,PP529 ,4,,R125P510A ,1
OG252 ,8,,PP534 ,17,,R13030 ,14
PP187 ,1,,PP536 ,4,,R13946P2 ,1
PP2 ,37,,PP552 ,6,,R1469 ,5
PP211 ,4,,PP562 ,6,,R15252 ,2
PP212 ,11,,PP566 ,1,,R15256A ,4
PP309 ,2,,PP578 ,1,,R16497 ,4
PP311 ,1,,PP579 ,62,,R1766 ,2
PP313 ,11,,PP583 ,2,,R17712 ,99
PP319 ,18,,PP597 ,33,,R18194 ,2
PP321 ,1,,PP598 ,37,,R18844A ,1
PP336 ,6,,PP635 ,1,,R20102 ,5
PP343 ,56,,PP660 ,10,,R20166 ,1
PP362 ,4,,PP664 ,2,,R2153 ,1
PP377 ,6,,PP705 ,52,,R22594 ,4
PP380 ,7,,PP741 ,16,,R234 ,5
PP385 ,24,,PP752 ,10,,R2396E ,1
PP391 ,52,,PP760 ,1,,R26166 ,4
PP393 ,26,,PP761 ,10,,R33936 ,2
PP394 ,4,,PP771 ,1,,R35206 ,22
PP397 ,2,,PP808 ,8,,R36P104 ,6
PP398 ,2,,PP881 ,1,,R36P105A ,3
PP400 ,10,,PP887 ,1,,R37136 ,1
PP401 ,12,,PP96 ,1,,R37138 ,1
PP402 ,2,,PRE1A3/3A/4/5/67,2,,R40621 ,1
PP405 ,2,,PRE1A#60 ,1,,R40622 ,1
PP407 ,4,,PRE1A#87 ,2,,R43816 ,2
PP412 ,6,,PRE1A#91 ,1,,R47245 ,1
PP414 ,4,,P2061 ,4,,R47248 ,4
,"LC VOUGHT INGERSOLL RAND COMPRESSOR PARTS, PAGE 3 ",,,,,,
,INGERSOLL RAND COMPRESSOR PARTS ,,,,,,
Part Number,Qty,,Part Number,Qty,,Part Number,Qty 
R53608T10 ,1,,U571B125K ,2,,W17775 ,1
R55315 ,8,,U5720B ,1,,W20175 ,1
R618 ,5,,W10058P2 ,7,,W21445 ,2
R63136A225 ,1,,W100589 ,6,,W21446 ,2
R656 ,1,,W107269 ,1,,W21447 ,2
R68651 ,2,,W1106 ,3,,W21448 ,2
R9305P1 ,1,,W110897 ,2,,W21479 ,10
SH8511 ,20,,W111331 ,1,,W23646 ,2
SVH ,1,,W112265 ,7,,W23840 ,24
SV142 ,2,,W112265A ,2,,W24059 ,11
SV31 ,1,,W112347P1 ,1,,W24396 ,1
TA22 ,1,,W114080 ,1,,W24563 ,1
UCF461 ,1,,W114149TK11 ,1,,W25419 ,3
UD55A ,4,,W114149TK20 ,3,,W26141AP1 ,2
UF129 ,2,,W114364T3 ,6,,W26144A ,2
UF131 ,17,,W114364T34 ,2,,W26283 ,1
UF138 ,3,,W114364T36 ,1,,W26552 ,1
UF16 ,99,,W114364T36A ,2,,W26685 ,1
UF17A ,2,,W114364T37C ,1,,W26698 ,5
UF328 ,2,,W114364T37D ,1,,W26700 ,7
UF336 ,3,,W114364T37E ,1,,W26702T ,1
UF337 ,3,,W114364T5 ,1,,W26729 ,2
UF39A ,1,,W114364T6 ,1,,W27326A ,1
UF415 ,12,,W114364T9 ,2,,W27938 ,1
UF58A ,2,,W114883 ,11,,W30333 ,6
UL485 ,6,,W114895 ,2,,W30440 ,12
UL58K ,1,,W115006 ,11,,W31748P2 ,1
UL8333A ,26,,W11857 ,1,,W32685 ,1
UL8649 ,2,,W122230 ,1,,W32936 ,1
UL8869 ,18,,W122291 ,1,,W32937 ,1
UL887A ,2,,W127159 ,1,,W32938 ,1
UL8891 ,2,,W130975 ,4,,W32706 ,1
UL89R600R ,1,,W130976 ,8,,W33567 ,1
UL9051 ,1,,W136434 ,1,,W34874 ,1
UL907AW ,1,,W140135P2 ,10,,W34929 ,1
UM13100 ,2,,W14843 ,1,,W35030 ,2
UM1515 ,1,,W1593 ,3,,W35048 ,1
UR128 ,1,,W1594 ,1,,W35578 ,1
US3712 ,34,,W1619 ,4,,W36152 ,8
U57 ,1,,W1619P1 ,2,,W36153P1 ,7
,"LC VOUGHT INGERSOLL RAND COMPRESSOR PARTS, PAGE 4 ",,,,,,
,INGERSOLL RAND COMPRESSOR PARTS ,,,,,,
Part Number,Qty,,Part Number,Qty,,Part Number,Qty 
W37087 ,3,,W69152 ,7,,W96282 ,1
W3793A ,3,,W75295T110 ,1,,W96366 ,1
W3844 ,2,,W75295T120 ,1,,W96367 ,1
W39810 ,1,,W75295T230R ,1,,W99511 ,1
W40129A ,1,,W75295T51R ,4,,W99622T1 ,1
W40885 ,5,,W75295T60R ,8,,W99622T2 ,2
W40935 ,1,,W75295T90 ,1,,W99622T3 ,1
W41186 ,2,,W75296T155 ,1,,W99622T4 ,1
W43735 ,7,,W75299T20 ,2,,W99622T6 ,1
W43741 ,1,,W75299T30 ,3,,W99622T7 ,1
W43779P1 ,4,,W75300T50X ,1,,W99814T12 ,1
W44014 ,1,,W75306 ,1,,XB1FIG.543 ,1
W45462 ,1,,W75326 ,1,,XPV ,1
W46287 ,1,,W75342 ,1,,XPV14753 ,6
W47699 ,4,,W75445 ,1,,XXA1 ,1
W47739 ,2,,W75642 ,1,,XXH1LA1150 ,2
W48114 ,4,,W75645 ,1,,XXH4A ,20
W48201 ,1,,W78184 ,3,,XXH5G ,1
W48400 ,1,,W80859 ,4,,XXH5LA ,20
W48419 ,6,,W82561 ,2,,XXH6EA ,10
W48650 ,1,,W8295 ,7,,XXH6G ,2
W48727 ,1,,W84336T12AR ,1,,XX13A ,10
W48735 ,1,,W85833 ,1,,XX14 ,20
W48777 ,1,,W86704T1 ,2,,X1T16F ,3
W48951 ,2,,W88409 ,4,,X1T39 ,1
W48952 ,3,,W88689 ,1,,X1T435R ,2
W56922 ,1,,W89470 ,10,,X1001T736 ,4
W56936 ,2,,W89534T24 ,3,,X1001T746 ,8
W57408 ,2,,W89536 ,1,,X1001T838 ,2
W57549 ,3,,W89606 ,56,,X1001T846 ,5
W57550 ,3,,W89608 ,16,,X1001T868 ,8
W57678 ,1,,W89610 ,12,,X1001T966 ,12
W57742 ,1,,W89610T24 ,99,,X1007T1 ,1
W57835 ,1,,W89633 ,61,,X1010T13 ,1
W58780 ,2,,W90674 ,4,,X1010T5 ,2
W60482 ,1,,W90707 ,2,,X1010T9 ,1
W65141 ,6,,W90714 ,2,,X1013T107 ,10
W6514P1 ,2,,W92549 ,1,,X1013T183S ,7
W68194 ,2,,W92553 ,12,,X1013T268F ,28
W6874 ,2,,W92604 ,4,,X1013T49F ,4
,"LC VOUGHT INGERSOLL RAND COMPRESSOR PARTS, PAGE 5 ",,,,,,
,INGERSOLL RAND COMPRESSOR PARTS ,,,,,,
Part Number,Qty,,Part Number,Qty,,Part Number,Qty 
X1013T59F ,4,,X1014T6863 ,20,,X1053T221 ,10
X1013T611 ,37,,X1014T6863F ,10,,X1053T224 ,8
X1013T643 ,13,,X1014T7268 ,74,,X1053T225 ,4
X1013T644 ,12,,X1014T7268F ,22,,X1053T227 ,13
X1014T10399 ,99,,X1014T7672 ,99,,X1053T229 ,4
X1014T108105 ,60,,X1014T86 ,54,,X1053T232 ,11
X1014T115111 ,19,,X1014T80‐76 ,70,,X1053T238 ,6
X1014T126123F ,21,,X1014T8076C ,9,,X1053T266 ,48
X1014T2120 ,10,,X1014T8076F ,14,,X1060T4 ,72
X1014T231 ,1,,X1014T82 ,99,,X1060T5 ,11
X1014T235 ,21,,X1014T8581 ,35,,X1069T728 ,1
X1014T235F ,1,,X1014T8986F ,24,,X1069T736 ,2
X1014T237 ,16,,X1014T9085 ,35,,X1069T842 ,3
X1014T246 ,1,,X1014T9592 ,24,,X1072T1 ,48
X1014T250 ,1,,X1016T34 ,32,,X1075T7 ,1
X1014T258 ,1,,X1016T37 ,35,,X1079T5 ,1
X1014T35 ,6,,X1016T91 ,15,,X1080T34 ,2
X1014T3532 ,1,,X1016T93 ,51,,X1086T153 ,2
X1014T3532F ,22,,X1020T124 ,1,,X1086T37 ,2
X1014T3835 ,65,,X1026T11 ,11,,X1086T38 ,3
X1014T4540 ,1,,X1026T24 ,73,,X1086T45 ,2
X1014T4744 ,73,,X1026T32 ,2,,X1086T5 ,2
X1014T4744F ,6,,X1026T35 ,34,,X1086T9 ,14
X1014T5148 ,99,,X1026T4 ,31,,X1088T634 ,1
X1014T5148F ,25,,X1026T47 ,12,,X1105T1 ,10
X1014T52 ,10,,X1026T6 ,44,,X1105T1F ,80
X1014T5246 ,7,,X1038T136 ,2,,X1105T2 ,48
X1014T5246F ,22,,X1038T208 ,1,,X1105T2F ,4
X1014T5652 ,99,,X1049T29 ,5,,X1105T3 ,42
X1014T5652F ,31,,X1049T30 ,4,,X1105T3F ,46
X1014T5753 ,29,,X1049T31 ,12,,X1105T4 ,23
X1014T60 ,20,,X1049T35 ,3,,X1105T4U ,38
X1014T6057 ,2,,X1049T36 ,3,,X1105T5 ,1
X1014T6357 ,3,,X1049T37 ,5,,X1105T6 ,40
X1014T6357F ,13,,X1049T39 ,5,,X1105T6U ,41
X1014T65 ,39,,X1049T40 ,3,,X1105T8 ,13
X1014T6561 ,8,,X1053T201 ,2,,X1108T15 ,5
X1014T6561F ,32,,X1053T208 ,8,,X1108T20 ,3
X1014T6764 ,10,,X1053T217R ,6,,X1108T23 ,8
X1014T6764F ,28,,X1053T220 ,6,,X1131T10 ,5
,"LC VOUGHT INGERSOLL RAND COMPRESSOR PARTS, PAGE 6 ",,,,,,
,INGERSOLL RAND COMPRESSOR PARTS ,,,,,,
Part Number,Qty,,Part Number,Qty,,Part Number,Qty 
X1131T11 ,6,,X1297T4A ,12,,X1440T34H ,48
X1131T2 ,16,,X1297T97 ,3,,X1440T46H ,1
X1131T3 ,63,,X1312T12 ,17,,X1440T54M ,1
X1131T8 ,1,,X1334TA36 ,4,,X1440T59B ,2
X113398 ,1,,X1334TA43 ,1,,X1440T59H ,4
X11371.12 ,3,,X1334TA48 ,7,,X1440T67H ,1
X11371.7 ,1,,X1334TA48A ,2,,X1440T67M ,2
X1144T48 ,3,,X1334TA60 ,12,,X1440T70B ,12
X1181T6X 1/4 ,60,,X1334TA75 ,4,,X1440T74B ,19
X1181T6 1/4X1/4 ,6,,X1334T43CS ,1,,X1440T74M ,28
X1188T15 ,10,,X1334T48CS ,5,,X1440T83B ,6
X12A ,3,,X1336T11 ,1,,X1440T83M ,6
X1220T122 ,2,,X1336T5 ,5,,X1440T9A ,7
X1220T126 ,1,,X1343TA43A ,1,,X1440T9B ,99
X1220T13 ,2,,X1352T13 ,16,,X1440T90M ,8
X1220T144 ,16,,X1352T19 ,2,,X1440T95B ,8
X1220T51 ,2,,X1352T22A ,3,,X1441T3 1/8X3/16 ,3
X1220T75 ,1,,X1359T48 ,1,,X1442T3 1/8X3/32 ,3
X1220T79 ,1,,X1359T6 ,1,,X1442T6 1/4X1/4 ,22
X1242T10X3/8 ,2,,X1363T12 ,34,,X1442T6 1/2 ,9
X1244T2 ,99,,X1363T76 ,7,,X1453T34 ,1
X1244T2.25B ,8,,X1396T191300 ,1,,X1453T62 ,1
X1244T3 7/8 ,1,,X1396T19800 ,10,,X1453T69 ,12
X1244T3 7/8B ,10,,X1396T2860 ,4,,X1453T70 ,9
X1244T3.88 ,1,,X1396T461000 ,1,,X1453T82 ,3
X1244T3.88B ,1,,X14T18 ,24,,X1457T13A ,1
X1244T3B ,12,,X1406T1 ,1,,X1457T14A ,3
X1244T3D ,2,,X1434T38 ,3,,X1457T19A ,5
X1244T4 ,2,,X1434T40 ,6,,X1457T38A ,4
X1244T4.25 ,1,,X1434T45 ,1,,X1457T44A ,1
X1244T4B ,15,,X1434T55 ,10,,X1457T6 ,16
X1244T5.25 ,1,,X1434T70 ,10,,X1457T9A ,9
X1244T5 1/4 ,1,,X1434T70N ,1,,X1462TA465CB ,5
X1244T6.75 ,1,,X1434T71 ,2,,X1462TA465CC ,1
X1264T5/16X5 ,10,,X1434T71N ,1,,X1498T1 ,4
X1273T5 ,1,,X1440T104E ,1,,X1498T15F ,2
X1277R5 ,6,,X1440T105M ,17,,X1498T8F ,2
X1277T6 ,6,,X1440T16A ,1,,X1514T326 ,1
X1286T646 ,1,,X1440T28H ,1,,X1514T331D ,1
X1297T30 ,6,,X1440T31B ,8,,X1514T332 ,1
,"LC VOUGHT INGERSOLL RAND COMPRESSOR PARTS, PAGE 7 ",,,,,,
,INGERSOLL RAND COMPRESSOR PARTS ,,,,,,
Part Number,Qty,,Part Number,Qty,,Part Number,Qty 
X1514T346D ,99,,Y708 ,8,,1R15256A ,5
X1530T737 ,4,,Y808 ,3,,1R15260A ,3
X1530T750 ,3,,Y908 ,10,,1R15695P1 ,4
X1530T840 ,3,,1A11B22 ,4,,1R16978P1 ,1
X1530T856 ,2,,1A11E24 ,22,,1R17287 ,2
X1531T728 ,11,,1A11G48 ,1,,1R17310 ,1
X1531T836 ,1,,1A11G54 ,14,,1R17685 ,2
X1535T1 ,1,,1A11R32 ,9,,1R17687 ,7
X1535T30 ,1,,1A11R36 ,53,,1R18497B ,2
X1547T28C ,4,,1A11T18 ,16,,1R18839 ,2
X1559T3 ,1,,1A11T25 ,1,,1R1950P2 ,16
X1561T11C ,1,,1A11T28 ,3,,1R1951 ,6
X1561T5 ,1,,1A12KKK37S ,1,,1R1967 ,4
X1561T5F ,3,,1A213T ,3,,1R1972 ,1
X1561T8 ,21,,1F2786 ,1,,1R1973 ,10
X1566T18 ,1,,1F6 ,19,,1R2004 ,3
X1568T14 ,6,,1F7597 ,1,,1R2005 ,1
X1568T9 ,7,,1H11076T6 ,1,,1R21556 ,2
X1587T59 ,3,,11H14169 ,2,,1R21973 ,1
X1587T60 ,5,,1H16536 ,2,,1R22831 ,1
X1590T13 ,2,,1H3723P2 ,1,,1R22831B ,1
X1617T8X25 ,1,,1H4043 ,2,,1R2399A ,1
X1630T13 ,2,,1H6952 ,8,,1R2400P3 ,2
X1725T3 ,60,,1H9365B ,1,,1R25357 ,6
X18T3 ,4,,1H9917 ,2,,1R27844 ,1
X35T412X ,1,,1P15 ,2,,1R29310 ,1
YD608C ,4,,1P187 ,1,,1R29647 ,1
Y1002 ,1,,1P189 ,2,,1R37332 ,6
Y101 ,6,,1P454 ,99,,1R37334 ,5
Y1040T1 ,2,,1R10518 ,5,,1R37335 ,1
Y1040T3 ,6,,1R13684 ,1,,1R37337 ,6
Y217 ,46,,1R13702 ,1,,1R37339 ,6
Y300DTC ,9,,1R13708 ,2,,1R37341 ,3
Y300ETC ,7,,1R13905BP2 ,2,,1R37346 ,12
Y308 ,10,,1R13946P2 ,3,,1R37350 ,3
Y500H ,8,,1R14081 ,1,,1R37487 ,6
Y500HTB ,1,,1R14120 ,1,,1R42366 ,6
Y503 ,8,,1R14194 ,2,,1R4325E ,2
Y601 ,4,,1R14294P3 ,5,,1R46768 ,3
Y701 ,5,,1R152525 ,2,,1R46977 ,6
,"LC VOUGHT INGERSOLL RAND COMPRESSOR PARTS, PAGE 8 ",,,,,,
,INGERSOLL RAND COMPRESSOR PARTS ,,,,,,
Part Number,Qty,,Part Number,Qty,,Part Number,Qty 
1R5252 ,1,,1W25089 ,3,,1W28351 ,1
1R5404PIT ,1,,1W25191 ,5,,1W29074 ,1
1R601 ,8,,1W25227A ,4,,1W2951 ,8
1R6044 ,1,,1W25313P1 ,2,,1W2953 ,2
1R6428 ,1,,1W25357 ,6,,1W2957 ,1
1R9468 ,5,,1W25416 ,1,,1W2959 ,10
1W10057 ,1,,1W25422 ,9,,1W29630 ,9
1W10106 ,1,,1W25423 ,4,,1W2968 ,24
1W10107 ,3,,1W25440P1 ,4,,1W2969 ,1
1W108995 ,2,,1W25453 ,2,,1W2971 ,4
1W114892 ,12,,1W25546 ,4,,1W2973 ,3
1W1163 ,1,,1W25586 ,1,,1W2975 ,3
1W1164C ,27,,1W25587 ,5,,1W2976 ,7
1W1169 ,2,,1W25645 ,7,,1W29853 ,11
1W118750 ,2,,1W25673 ,10,,1W2996 ,12
1W122291 ,1,,1W25674P1 ,10,,1W30779 ,19
1W12513 ,1,,1W25679 ,1,,1W3081 ,2
1W12624 ,2,,1W25681T ,3,,1W31430P1 ,6
1W12705 ,6,,1W25682 ,2,,1W31470 ,3
1W14265 ,6,,1W25712 ,12,,1W31571 ,7
1W1590P1 ,1,,1W25803 ,5,,1W31592 ,1
1W1599 ,12,,1W26020 ,17,,1W31593 ,1
1W1599P1 ,7,,1W26133 ,2,,1W31595 ,3
1W1609 ,13,,1W26142 ,2,,1W31596 ,5
1W16150 ,1,,1W26142A ,5,,1W31961 ,6
1W1616 ,4,,1W26144 ,3,,1W32252 ,12
1W1619 ,30,,1W2641 ,15,,1W32394 ,5
1W16257 ,1,,1W26700 ,3,,1W32395P4 ,7
1W16769 ,1,,1W26933 ,6,,1W32399A ,10
1W174 ,1,,1W27008 ,17,,1W32401 ,5
1W1776H ,1,,1W27010 ,24,,1W32406 ,10
1W18169T ,2,,1W27223 ,1,,1W32407 ,5
1W1854 ,1,,1W27443 ,3,,1W32408 ,3
1W20129A ,1,,1W27610 ,15,,1W32409 ,47
1W23333 ,11,,1W27612 ,3,,1W32410 ,5
1W23715 ,9,,1W27840 ,2,,1W33116A ,5
1W23840 ,15,,1W27893 ,12,,1W33244 ,1
1W23863B ,1,,1W28027 ,1,,1W33310 ,2
1W23943 ,13,,1W28061 ,6,,1W33545 ,2
1W2446 ,1,,1W28340 ,1,,1W33822 ,12
,"LC VOUGHT INGERSOLL RAND COMPRESSOR PARTS, PAGE 9 ",,,,,,
,INGERSOLL RAND COMPRESSOR PARTS ,,,,,,
Part Number,Qty,,Part Number,Qty,,Part Number,Qty 
1W33938 ,1,,1W8716 ,8,,102A2H61 ,3
1W34804 ,1,,1W87288 ,4,,1021083P3 ,1
1W34929 ,6,,1W87459 ,4,,104C33 ,29
1W35009 ,1,,1W89581P1 ,1,,104C6B ,1
1W35304 ,3,,1W89610T24 ,1,,109A2A139 ,6
1W35546 ,1,,1W89620 ,27,,11A13S38R ,6
1W36154 ,1,,1W89628 ,7,,11A3C466 ,8
1W36340 ,4,,1W89633 ,12,,11A9C40 ,1
1W36649 ,3,,1W90092 ,5,,11A9C437 ,2
1W37087 ,5,,1W9011 ,5,,11A9C736 ,4
1W37707 ,11,,1W9030 ,1,,11A9C738 ,2
1W3798 ,1,,1W9031 ,3,,11A9C83 ,1
1W43027 ,16,,1W9033 ,2,,11ES1063 ,11
1W43077 ,6,,1W9047 ,5,,11ES1064 ,1
1W43183 ,12,,1W9058P1 ,8,,110196,2
1W44486 ,6,,1W9063 ,2,,1.11E+10 ,1
1W45460 ,2,,1W9073 ,2,,114732,4
1W45461 ,2,,1W9090P1 ,6,,114734,6
1W46394 ,7,,1W9092 ,18,,11587BA ,2
1W47699 ,4,,1W90976 ,12,,116K22 ,1
1W47719 ,1,,1W92018 ,12,,116K3A ,16
1W49160 ,1,,1W9205 ,1,,116K3B ,21
1W58341 ,2,,1W9206A ,21,,116K3C ,16
1W58342 ,3,,1W92075 ,3,,116K5P ,1
1W58348 ,3,,1W92086 ,3,,116089,2
1W59182P1 ,2,,1W93088 ,99,,117352T2138 ,2
1W6071 ,2,,1W93088T12 ,7,,1174C146 ,5
1W6514P1 ,1,,1W9392 ,2,,117634,2
1W6722P1 ,2,,1W94303 ,5,,117635,2
1W68436 ,22,,1W94316 ,3,,1179423,2
1W68563 ,5,,1W95764 ,16,,1179425,2
1W71013 ,3,,1W95765 ,5,,118317,4
1W71948 ,44,,1W95766 ,10,,1.19E+09 ,8
1W73193 ,3,,1W95767 ,15,,1.19E+08 ,2
1W75132 ,4,,1W95768 ,9,,118753T1021 ,1
1W76378 ,3,,1W95769 ,18,,118753T904 ,1
1W76556 ,1,,1W97804 ,3,,119A2A256 ,1
1W82555 ,2,,1W9888P1 ,3,,119A2R152 ,2
1W83337 ,2,,101A2H174 ,1,,119165,1
1W84336T12A ,2,,102A2H138 ,2,,119167,2
,"LC VOUGHT INGERSOLL RAND COMPRESSOR PARTS, PAGE 10 ",,,,,,
,INGERSOLL RAND COMPRESSOR PARTS ,,,,,,
Part Number,Qty,,Part Number,Qty,,Part Number,Qty 
1194411,6,,14XR146 ,2,,17A18CB481 ,6
119441T1 ,1,,141276,1,,17A18CD319 ,1
12A18CA131 ,1,,142229,6,,17K1 ,3
12A18CB1188 ,2,,142594,1,,17K1A ,3
12A18CB826 ,1,,142692,2,,17K1G ,3
12A18CB846V ,2,,143151,1,,17K2G ,3
12A18CC826 ,2,,143153,3,,17K3G ,1
12A18CD378 ,12,,143154,4,,17K3M ,2
12K1F ,2,,144493,1,,17K8 ,99
12K1N ,5,,15A11JA36L ,28,,17K9 ,99
12K1NA ,2,,150B189X4 ,2,,1701C ,16
12K2 ,14,,153271T1 ,1,,181A13CXRS275 ,1
12K2C ,40,,1532711,4,,181A13CXRS425 ,1
12K2F ,1,,1532713,8,,181431,1
12K2NA ,24,,1598C1T72 ,2,,182011,3
12K3 ,99,,16A13C125 ,4,,1822073012A ,2
12K3D ,6,,16A4C10 ,4,,1822073012B ,99
12K5F ,2,,161A13S50 ,2,,18221257,1
12K8 ,23,,1638C1 ,1,,1.82E+09 ,1
12K9 ,1,,165671B15 ,3,,1.82E+09 ,1
12XOB14 ,1,,165671B16 ,6,,182491,2
120A12X061 ,3,,165671B22 ,1,,182960B41 ,1
120A2A169 ,1,,16572327,11,,18296478,1
128506,1,,165902B73 ,2,,18296594A ,1
1.29E+09 ,10,,16590291,3,,183125,12
128520,2,,16590292,6,,1.83E+09 ,4
128968,1,,1.66E+08 ,4,,1842095,3
129329,17,,165992B103 ,3,,1849491,3
13A11JF24 ,1,,165993B105 ,2,,185424B89 ,2
13ES1064 ,1,,1662914,18,,185831,4
13021D17 ,4,,16629150,99,,185835B17 ,12
13021D1T7 ,1,,166627,2,,188099,4
14A11HB32 ,1,,166833,2,,19A19N10 ,1
14A11JF24 ,4,,1680126,7,,2 3/4UL31CEA ,1
14A5C54 ,48,,168012T6 ,1,,2.75UL31CEA ,1
14A5C64 ,46,,16968340,1,,2A105 ,99
14A5C65 ,99,,169728,1,,2A11B22 ,1
14A9C535 ,1,,169756,2,,2A11C28 ,6
14XR142 ,4,,169763,3,,2A11C32 ,3
14XR143 ,3,,17A13A208 ,2,,2A11R32 ,4
,"LC VOUGHT INGERSOLL RAND COMPRESSOR PARTS, PAGE 11 ",,,,,,
,INGERSOLL RAND COMPRESSOR PARTS ,,,,,,
Part Number,Qty,,Part Number,Qty,,Part Number,Qty 
2A11R36 ,54,,2P126 ,3,,2W10744 ,1
2A11T32 ,20,,2P127 ,4,,2W10747 ,3
2A11T36 ,4,,2P128L ,6,,2W10807 ,3
2A148 ,1,,2P128S ,48,,2W11103 ,10
2A205 ,99,,2P172 ,5,,2W13223 ,14
2A600E ,4,,2P234 ,4,,2W13363 ,1
2A606 ,1,,2P341 ,2,,2W13403 ,2
2A84 ,2,,2P487 ,12,,2W13939 ,55
2F6531 ,1,,2P490 ,6,,2W1542 ,7
2F7018 ,1,,2P84 ,23,,2W1600 ,38
2F805 ,3,,2P91 ,2,,2W17122 ,4
2G6144 ,2,,2R10449 ,2,,2W17774 ,2
2G6209 ,5,,2R1151TWA ,1,,2W20237 ,5
2G6231 ,4,,2R11537 ,2,,2W20331 ,34
2G6235 ,4,,2R13405T ,7,,2W20786 ,2
2G6236 ,4,,2R15017 ,2,,2W2174 ,12
2G6237 ,5,,2R1724 ,1,,2W21790 ,1
2G6238 ,4,,2R1726 ,2,,2W24013 ,2
2G6249 ,12,,2R1739 ,2,,2W24157 ,1
2G6263 ,12,,2R1740 ,2,,2W24171 ,4
2G6276 ,1,,2R17415 ,2,,2W24172 ,2
2H11542 ,1,,2R17416 ,1,,2W24176P1 ,6
2H11590 ,3,,2R17466P1 ,1,,2W24425 ,3
2H1287 ,2,,2R18027 ,1,,2W24605 ,6
2H15074 ,9,,2R18674 ,4,,2W2542 ,2
2H15164 ,1,,2R2155 ,1,,2W2564 ,15
2H15168T ,1,,2R21993 ,1,,2W2566 ,8
2H15169 ,1,,2R2214 ,1,,2W30215 ,9
2H17875 ,2,,2R22219P1 ,1,,2W30342 ,2
2H21074 ,4,,2R26531 ,1,,2W30343 ,2
2H2152T ,3,,2R26732 ,1,,2W30356 ,1
2H25062P1 ,5,,2R34488 ,1,,2W30364 ,6
2H37511 ,1,,2R6755 ,6,,2W30365 ,3
2H439 ,2,,2S211 ,1,,2W30371 ,2
2H440 ,2,,2S275 ,1,,2W30374 ,2
2H5866 ,1,,2VG1014 ,1,,2W30424 ,1
2H9881 ,4,,2W10413 ,5,,2W30445 ,2
2P11A ,3,,2W10415 ,21,,2W32568 ,1
2P101 ,4,,2W10560 ,1,,2W32599T ,35
2P125 ,3,,2W10561 ,1,,2W32599 ,10
,"LC VOUGHT INGERSOLL RAND COMPRESSOR PARTS, PAGE 12 ",,,,,,
,INGERSOLL RAND COMPRESSOR PARTS ,,,,,,
Part Number,Qty,,Part Number,Qty,,Part Number,Qty 
2W32601 ,9,,20XPV142 ,3,,26A13F61 ,81
2W32602 ,10,,20XPV146 ,1,,26A19X209 ,1
2W32668 ,7,,20XPV46 ,1,,2630B11 ,13
2W32730 ,1,,20XPV46A ,1,,2630B14 ,9
2W32787 ,1,,20XPV64 ,2,,2630B19 ,18
2W34874 ,1,,20XPV667 ,6,,27A11G22B ,6
2W35026 ,1,,20XPV92 ,2,,27A11G24B ,11
2W35052 ,5,,20XRD1101 ,1,,27A11G24D ,28
2W35053 ,16,,201A11N1206L ,1,,27A11G28B ,19
2W3592 ,8,,201A11N2044L ,1,,27A11G32A ,8
2W37087 ,4,,201A11N51L ,1,,27A11G32B ,14
2W37860 ,6,,206170A ,3,,27A11G36B ,4
2W37985 ,4,,207A11AN09044 ,2,,27A11G48B ,2
2W41817 ,12,,207A11AN13553 ,1,,1740B1 ,1
2W4200C ,1,,207A11AN9170 ,1,,28A11G18C ,8
2W4551 ,23,,2177B1 ,1,,28A11G22B ,4
2W48519 ,2,,22CS14 ,43,,28A11G24B ,7
2W48951 ,1,,22CS33 ,5,,28A11G24D ,42
2W57443 ,9,,22K3 ,32,,28A11G25B ,1
2W6374 ,7,,22K5R ,1,,28A11G28B ,29
2W69463 ,5,,22K6 ,4,,28A11G32B ,30
2W7431 ,2,,22K8 ,28,,28A11G48B ,6
2W78236 ,1,,22K8PC ,3,,28CS1 ,8
2W78396 ,2,,22K9 ,20,,28CS1A ,10
2W84929T81 ,1,,2273C1 ,2,,25CS1E ,1
2W86706 ,2,,241A10B1 ,1,,28CS1F ,1
2W86741 ,8,,2412C1 ,1,,28CS1WSA ,6
2W90707 ,8,,242A10B1 ,1,,28CS10 ,8
2W92549 ,1,,2461C1 ,1,,28CS14 ,4
20A11BM333 ,48,,25C509 ,4,,28CS16 ,5
20A11CM114 ,1,,25C1331 ,6,,28CS2 ,1
20A11CM264 ,4,,2527B1 ,1,,28CS2B ,3
20A11CM337 ,10,,26A11G22B ,8,,28CS20 ,1
201AACM341 ,9,,26A11G36A ,2,,28CS3 ,3
20A11CM449 ,1,,26A11G36B ,5,,28CS33 ,1
20A11CM450 ,2,,26A11G48B ,1,,28CS4E ,5
20A11CM460 ,1,,26A13F105 ,99,,28CS4F ,1
20A11C2M218 ,1,,26A13F108 ,99,,28CS5 ,41
20A11EM261 ,1,,26A13F501 ,59,,28CS5D ,13
20XPV141 ,1,,26A13F503 ,99,,28CS6 ,1
,"LC VOUGHT INGERSOLL RAND COMPRESSOR PARTS, PAGE 13 ",,,,,,
,INGERSOLL RAND COMPRESSOR PARTS ,,,,,,
Part Number,Qty,,Part Number,Qty,,Part Number,Qty 
28CS6D ,4,,3R15833 ,1,,3W11243 ,1
28C705 ,1,,3R15836 ,4,,3W11301 ,5
28K1E ,1,,3R15836T ,6,,3W11313 ,1
28K11 ,26,,3R15847 ,14,,3W11315 ,1
28K2E ,2,,3R22542 ,20,,3W11316 ,13
28K3 ,12,,3R22543 ,18,,3W11317 ,6
28K4R ,1,,3R22543T ,4,,3W11319 ,3
28K8 ,25,,3R22544 ,7,,3W11340 ,19
28K9 ,1,,3R22544T1 ,1,,3W114080 ,6
2953B1 ,2,,3R22559 ,19,,3W114149TK17 ,1
2955B1 ,2,,3R22560P1 ,8,,3W114149TK18 ,1
2956B1 ,2,,3R22561P2 ,45,,3W11477 ,1
299A17C16 ,1,,3R22619T ,3,,3W11560 ,2
299A17C20 ,2,,3R22619T2 ,4,,3W11560P1 ,1
299A17S12 ,12,,3R22629T ,1,,3W11627 ,1
299A17S16 ,3,,3R25636 ,4,,3W11652 ,2
299A17S20 ,4,,3R28750 ,2,,3W11653T ,1
3 7/8LUL31CB ,8,,3R28750A ,3,,3W11655 ,4
3 7/8UL31C1 ,8,,3R30441 ,6,,3W11655T ,99
3A10 ,1,,3R30467 ,5,,3W11656 ,2
3A11G22 ,3,,3R33936 ,14,,3W11730 ,50
3A11G28 ,5,,3R36P750 ,2,,3W11791 ,2
3A11G32 ,12,,3W39685T ,4,,3W11860 ,9
3A211 ,50,,3R40641 ,7,,3W11861 ,1
3A216 ,55,,3R4081 ,4,,3W11945 ,4
3A4 ,6,,3R40854T1 ,1,,3W11969 ,1
3A650 ,1,,3R53608T10 ,5,,3W11970 ,2
3A705 ,2,,3R7443 ,1,,3W11983 ,20
3H12844 ,1,,3R763 ,1,,3W12102 ,3
3H19686 ,3,,3R763T ,8,,3W12173 ,3
3H19728T3 ,6,,3R768 ,15,,3W12174 ,1
3H22184 ,4,,3R7742T ,1,,3W12177T ,4
3H36355 ,30,,3R7748T ,5,,3W12178 ,99
3H5864 ,3,,3R7845 ,5,,3W12184 ,40
3H5867 ,5,,3R7846 ,1,,3W18489 ,1
3H5868 ,1,,3R7847 ,4,,3W18490 ,5
3H5869 ,2,,3R7848 ,5,,3W18573 ,2
3H5967 ,31,,3R8168 ,3,,3W21169 ,1
3H6159P1 ,1,,3W103119 ,1,,3W21443T ,2
3R15823 ,1,,3W111651 ,19,,3W21445 ,10
,"LC VOUGHT INGERSOLL RAND COMPRESSOR PARTS, PAGE 14 ",,,,,,
,INGERSOLL RAND COMPRESSOR PARTS ,,,,,,
Part Number,Qty,,Part Number,Qty,,Part Number,Qty 
3W21446 ,5,,3W39927 ,5,,3W69656 ,12
3W21447 ,12,,3W39944 ,71,,3W740 ,3
3W21451 ,5,,3W39968 ,1,,3W75288T10 ,20
3W21452 ,15,,3W4007T ,1,,3W75291T3D ,1
3W21482 ,10,,3W42683 ,15,,3W75295T10 ,3
3W21543T ,1,,3W42753 ,1,,3W75295T10R ,14
3W21544 ,2,,3W42756 ,2,,3W75295T140 ,2
3W21725 ,2,,3W42756P1 ,4,,3W75295T150 ,1
3W21913 ,1,,3W45691 ,2,,3W75295T20 ,1
3W21940 ,3,,3W45691T ,2,,3W75295T20R ,15
3W21992 ,2,,3W45692 ,5,,3W75295T230R ,1
3W2274 ,2,,3W45775 ,10,,3W75295T30 ,1
3W28577T3 ,1,,3W45781 ,1,,3W75295T300 ,1
3W28578 ,1,,3W45785 ,32,,3W75295T60R ,5
3W28579 ,3,,3W45835 ,35,,3W75295T70R ,1
3W28714 ,3,,3W45844 ,35,,3W75295T80R ,1
3W28716 ,3,,3W45918 ,19,,3W75295T90 ,1
3W28757 ,34,,3W45932 ,2,,3W75296T155 ,1
3W28760 ,34,,3W49816T1 ,2,,3W75296T240 ,3
3W28761 ,6,,3W49817T1 ,2,,3W75296T310 ,1
3W28761P1 ,34,,3W49818E ,3,,3W75297T20C ,2
3W28762P1 ,48,,3W51520 ,8,,3W75299T30 ,1
3W28763P1 ,62,,3W51643 ,2,,3W75299T33 ,1
3W28817 ,1,,3W5288T10 ,1,,3W75299T40 ,1
3W34259 ,1,,3W54045 ,1,,3W75300T50 ,13
3W34348T ,1,,3W54146 ,1,,3W75301T51 ,1
3W34478 ,25,,3W54164 ,22,,3W75305T30 ,1
3W34479 ,28,,3W54244 ,2,,3W75305T70 ,2
3W39658 ,38,,3W54245 ,7,,3W75306 ,4
3W39702 ,13,,3W54247 ,3,,3W75307 ,99
3W39722 ,3,,3W56168 ,6,,3W75326 ,12
3W39724 ,3,,3W56199 ,10,,3W75327 ,5
3W39729 ,9,,3W60421 ,4,,3W75445 ,12
3W39742 ,3,,3W63490 ,2,,3W75496 ,1
3W39745 ,24,,3W63623 ,3,,3W84893 ,4
3W39746 ,7,,3W6868 ,8,,3W96251 ,1
3W39749 ,2,,3W6869 ,10,,3W99622T3 ,4
3W39755 ,81,,3W6870 ,22,,3W99622T7 ,1
3W39769 ,4,,3W6874 ,99,,30A11C0056X07 ,1
3W39771 ,6,,3W6925 ,20,,30A11C0060X13 ,1
,"LC VOUGHT INGERSOLL RAND COMPRESSOR PARTS, PAGE 15 ",,,,,,
,INGERSOLL RAND COMPRESSOR PARTS ,,,,,,
Part Number,Qty,,Part Number,Qty,,Part Number,Qty 
30A11C0116X10 ,1,,31385693,1,,35106806,17
30A11C0332X10 ,12,,31480015,1,,35107002,1
30A11C0738X12 ,1,,316157F ,1,,35107093,12
30A11F0360X10 ,27,,316157M ,3,,35108521,1
30A11F0454X14 ,10,,3165E1P1 ,1,,35110139,12
30A11F0514X10 ,1,,3165E1P1T ,1,,35111566,18
30A11U0830X08 ,8,,3196C1 ,2,,35111574,1
30T24W ,13,,32A11C15 ,1,,35111913,1
30T25W ,9,,32R32W ,3,,35112507,4
301A17B3 ,1,,3208051,2,,35112531,1
30162341,2,,32127441,2,,35112572,3
3022S1 ,6,,32132953,1,,35112580,6
30233894,2,,32153926,1,,35112671,1
30236996,1,,3217AV ,1,,35112853,2
30258420,6,,326725A ,2,,35112861,13
302601CW1 ,1,,326726A ,1,,35113661,12
30334445,1,,33052150,1,,35117423,6
30340566,2,,3336FE01001A ,2,,35118330,1
30342414,1,,3336FE02001A ,1,,35118736,5
30365126,1,,35A2C3 ,1,,35126556,11
30418065,6,,35A2D331 ,1,,35127018,1
30425458,29,,35A2D60 ,99,,35128131,8
30425466,30,,35A2D63 ,1,,35132794,1
30454532,2,,35A2D7 ,99,,35134352,1
30472161,1,,35A21C3 ,4,,35135730,5
30479190,1,,35A21C331 ,8,,35135748,18
50477954,4,,35A21D63 ,32,,35136647,5
30540256,2,,35017300,1,,35141027,3
30552962,2,,35027671,1,,35141175,10
30557698,2,,35034156,2,,35148972,2
30576441,1,,35035849,2,,35157585,1
30622815,2,,35044635,1,,35160365,1
30675516,1,,35063643,1,,35163468,1
30812119,2,,35079383,2,,35245190,2
30842918,1,,35096189,1,,35245455,1
31A11A10 ,14,,35104819,1,,35251685,1
31A11A12 ,2,,35106020,10,,35255553,1
31A11C10 ,29,,35106277,6,,35255561,1
31A11C12P1 ,3,,35106483,2,,35262419,2
31A4C13 ,3,,35106764,5,,35263490,7
,"LC VOUGHT INGERSOLL RAND COMPRESSOR PARTS, PAGE 16 ",,,,,,
,INGERSOLL RAND COMPRESSOR PARTS ,,,,,,
Part Number,Qty,,Part Number,Qty,,Part Number,Qty 
35272749,1,,35333723,1,,35904945,2
35275064,4,,35356781,1,,36CS1 ,9
35278530,2,,35356799,1,,36CS1B ,8
35278589,1,,35368020,1,,36CS10 ,8
35280825,1,,35371673,1,,36CS14 ,8
35281955,3,,35373711,1,,36CS16 ,48
35282821,1,,35376060,1,,36CS16A ,1
35283134,1,,35500313,1,,36CS2 ,3
35284264,2,,35502376,2,,36CS2B ,9
35287499,6,,35503039,1,,36CS3 ,2
35287911,1,,35503218,1,,36CS3B ,1
35287929,1,,35503234,1,,36CS33 ,2
35288430,1,,35505460,2,,36CS4 ,9
35289602,2,,35511971,3,,36CS4B ,22
35293331,1,,35512508,1,,36CS5 ,67
35293380,1,,35574912,1,,36CS5B ,1
35294909,1,,35578590,1,,36CS6 ,25
35294933,1,,35579663,1,,36CS9 ,4
35296961,2,,35579762,1,,36C1B ,9
35298504,1,,35582629,1,,36C1C ,2
35300474,1,,35583418,1,,36C2 ,2
35300748,1,,35584820,1,,36C2B ,4
35301761,9,,35585058,1,,36C2C ,7
35301902,1,,35586130,1,,36C20 ,1
35301944,1,,35593482,1,,36C3B ,1
35304062,1,,35593490,4,,36C33 ,6
35311406,2,,35701523,1,,36C4 ,1
35315142,2,,35706761,1,,36C5B ,2
35315159,2,,35710334,1,,36K11 ,43
35315167,2,,35725977,1,,36K11B ,3
35315183,2,,35782606,2,,36K16 ,12
35315191,2,,35816875,1,,36K25 ,7
35315266,5,,35821933,1,,36K3 ,1
35315845,2,,35828011,1,,36K5 ,30
35316926,1,,35863265,1,,36K6 ,3
35318161,1,,35890219,2,,36K7 ,29
35319045,1,,35891266,2,,36K7NE ,9
35321975,1,,35898238,3,,36K8 ,1
35327246,2,,35898915,16,,36471324,5
35331990,1,,35903129,2,,36757581,3
,"LC VOUGHT INGERSOLL RAND COMPRESSOR PARTS, PAGE 17 ",,,,,,
,INGERSOLL RAND COMPRESSOR PARTS ,,,,,,
Part Number,Qty,,Part Number,Qty,,Part Number,Qty 
36860468,1,,4A201 ,1,,40001265,8
36863389,1,,4A202 ,4,,40001349,2
37034899,4,,4A254B ,99,,40001406,8
37038718,14,,4A255 ,6,,40001620,2
37076205,1,,4A35 ,1,,40002180,1
37087707,2,,4A351 ,1,,40005258,1
37101649,1,,4A4 ,26,,40006256,1
37116944,1,,4A4C14 ,6,,40007916,1
37126612,2,,4A600T2 ,1,,40009169,1
37154275,1,,4A721A ,80,,40009185,1
37157872,1,,4A800A ,4,,40009201,1
37161577,1,,4A801 ,2,,40011462,3
37172368,1,,4A802 ,2,,40011470,2
3727D1 ,2,,4A803 ,2,,40011538,1
3774C1 ,2,,4A804 ,2,,40016644,1
3775C1 ,3,,4P127 ,4,,40502726,4
3786C1 ,12,,4P136 ,9,,40509929,1
3792C1 ,3,,4P6 ,8,,40509937,1
38A4S3 ,4,,4S236 ,3,,40509952,7
3800C11 ,2,,4S344 ,2,,40526246,1
3800C1T1 ,1,,4UL31B1 ,1,,40528358,1
3800C1T2 ,1,,40A4C10 ,4,,40528580,1
39A11X9 ,3,,40CS1 ,5,,40528812,1
39096110,1,,40CS1B ,8,,41N424 ,5
39096151,1,,40CS1C ,3,,41000985,5
39100029,1,,40CS2 ,4,,41004532,3
39120522,1,,40CS3 ,2,,41020371,1
39124920,1,,40CS3B ,4,,41023433,1
39156781,1,,40CS33 ,2,,42100800,3
39763156,3,,40CS4B ,2,,42105114,2
4 1/4SUL31CE ,1,,40CS5 ,34,,42108597,2
4 1/4UL31CEA ,7,,40CS5B ,1,,42139485,1
4.25SUL31CE ,1,,40CS6 ,3,,42153056,1
4.25UL31C1 ,1,,40KD7B ,2,,42300368,1
4 1/4UL31C1 ,2,,40K16 ,20,,42300400,7
4 1/4UL31C3E ,4,,40K3B ,7,,42300509,2
4A10B3 ,2,,40K6BH ,4,,42300541,1
4A11G28 ,3,,40K6N ,4,,42300558,1
4A150 ,2,,40K7B ,1,,42306084,2
4A151 ,3,,40X1B ,3,,42315846,1
,"LC VOUGHT INGERSOLL RAND COMPRESSOR PARTS, PAGE 18 ",,,,,,
,INGERSOLL RAND COMPRESSOR PARTS ,,,,,,
Part Number,Qty,,Part Number,Qty,,Part Number,Qty 
42316075,1,,48CS10 ,1,,5A216A ,55
43CS1 ,41,,48CS2 ,6,,5A35A ,1
43CS10 ,2,,48CS3 ,2,,5A4 ,55
43CS13 ,14,,48CS4 ,2,,5A60N ,8
43CS14 ,2,,48CS5 ,8,,5A60R ,4
43CS2 ,10,,48CS6 ,6,,5A704A ,2
43CS3 ,24,,48C1B ,6,,5ER21A ,1
43CS33WS ,53,,48C10 ,12,,5ER47 ,1
43CS4 ,1,,48C2B ,10,,5ER50 ,1
43CS5 ,1,,48C20 ,12,,5ER55 ,1
43CS6 ,4,,48C20A ,1,,5MQ17 ,1
43CS9 ,12,,48C20B ,7,,50A18BA814 ,11
43C1B ,2,,48C3B ,1,,50A18CA1024 ,7
43C1F ,1,,48C33 ,4,,50S750 ,1
43C10 ,3,,48C4EB ,2,,50274281,2
43C14A ,4,,48C6B ,1,,515H ,2
43C16 ,4,,48C7 ,12,,5238B1 ,5
43C16B ,11,,48KD7NEC ,2,,5238B1T1 ,1
43C18 ,20,,48K1BM ,4,,5239B1 ,4
43C2B ,1,,48K16 ,14,,5299B1P2 ,1
43C2F ,6,,48K4BM ,2,,54CS1CA ,6
43C20 ,2,,48K5R ,6,,54CS1E ,1
43C33 ,20,,48K6 ,6,,54CS2CA ,10
43C7 ,2,,48K9ED ,5,,54CS33C ,10
43K1NA ,2,,4840D1T2 ,1,,54CS4 ,1
43K16 ,3,,4859B1 ,2,,54CS6 ,1
43K2 ,1,,48767904,4,,54C1B ,1
43K3 ,21,,48966,1,,54C11 ,25
43K4NA ,4,,48968,2,,54C14 ,25
43K5NFA ,22,,49839T1 ,1,,54C33 ,21
43K6NFA ,12,,49839T2 ,1,,54C4B ,2
43K7NE ,11,,5.88LUL31C ,1,,54C7 ,10
4310‐212‐9979 ,8,,5.88UL31C1 ,1,,5428B1P2 ,3
4.38E+08 ,1,,5.88UL31C3 ,1,,5452C1 ,2
43930207,3,,5 7/8LUL31C ,8,,55A4C13 ,3
44240T1R1 ,1,,5 7/8UL31C1 ,8,,5618B1G ,48
4553B1 ,8,,5 7/8UL31C3 ,8,,562‐000‐200 ,1
4705B1 ,2,,5A15 ,99,,5687B1T2 ,1
4765B1 ,1,,5A210A ,4,,5687B12 ,2
48CS1 ,4,,5A211 ,55,,5720C1 ,2
,"LC VOUGHT INGERSOLL RAND COMPRESSOR PARTS, PAGE 19 ",,,,,,
,INGERSOLL RAND COMPRESSOR PARTS ,,,,,,
Part Number,Qty,,Part Number,Qty,,Part Number,Qty 
578LUL31C15 ,8,,67C12 ,2,,77A2S150 ,28
5832C1 ,2,,67C14 ,50,,77A2S29 ,44
5833C1 ,3,,67C2B ,1,,7755‐D1 ,1
5835C1 ,9,,67C20 ,22,,7925C1 ,1
5856C1 ,1,,67C33 ,27,,7927C1 ,2
5856C11 ,2,,67C33V ,16,,7931B1P1 ,2
5856C1T1 ,1,,67C8 ,2,,8A11G22A ,6
59A4C11 ,2,,67K22A ,1,,8A11G28E ,4
5914C1 ,14,,67K3A ,90,,8A11G32 ,4
59503417,1,,67K3B ,25,,8A11G32A ,17
6 3/4UL31C3 ,1,,67K6PB ,2,,8ER50 ,2
6A105 ,1,,67K7PA ,2,,8ER59 ,2
6ER49 ,2,,68A4C7 ,4,,8KIN ,1
6ER52 ,2,,688B1 ,1,,8K2NA ,17
6ER59 ,2,,6906D1B ,4,,8K3 ,6
6P114 ,2,,6953C1T ,1,,8K4N ,5
6S211 ,2,,7A10B3 ,2,,8K5 ,19
60CS1 ,4,,7A600 ,2,,8S316 ,2
60CS2 ,3,,7ES1081 ,3,,8XRB143A ,2
60CS33 ,5,,7W85833 ,9,,8XRB146A ,1
60C2B ,3,,7W89534T120 ,6,,8000C1 ,8
60C20 ,2,,7W89534T24 ,22,,8001C1 ,7
60C33 ,34,,7W89536 ,39,,81B1 ,4
60C4B ,2,,7142D1 ,2,,81C1B ,12
60C6B ,3,,73085,1,,81C2B ,7
60X3 ,12,,7323C1‐B ,1,,81C20 ,2
61A4C5 ,59,,736,1,,81C33 ,5
62A3S127 ,4,,75CS1 ,8,,81Y3 ,8
63B1 ,1,,75CS16 ,24,,8106D1T ,1
64B1 ,2,,75CS2 ,8,,8153D1T ,1
640CS33 ,2,,75CS33 ,12,,8277B1‐1 ,2
6424C1 ,1,,75C12 ,48,,8277B1‐2 ,6
6453B1 ,1,,75C14 ,24,,8277B1T1 ,1
6457B1 ,1,,75C33 ,9,,8277B1T2 ,1
6458B1 ,10,,75S750 ,1,,828B1 ,1
67CS33 ,7,,75013,4,,829B1 ,1
67CS33B ,3,,7592GP‐10001E ,2,,8386B1‐3 ,16
67CS33C ,1,,77A2S101 ,4,,8386B1‐4 ,25
67C1B ,4,,77A2S102 ,16,,8386B1T3 ,1
67C10 ,2,,77A3S103 ,12,,8386B1T4 ,1
,"LC VOUGHT INGERSOLL RAND COMPRESSOR PARTS, PAGE 20 ",,,,,,
,INGERSOLL RAND COMPRESSOR PARTS ,,,,,
Part Number,Qty,,Part Number,Qty,Part Number,Qty 
840CS33B ,4,,95223608,1,,
8498C1T ,2,,9541T117 ,1,,
8636D1B ,2,,9541‐117 ,3,,
87A2C149 ,24,,95674651,1,,
87A2S147 ,1,,95674719,1,,
87A2S149 ,1,,95674743,1,,
87A2S150 ,19,,95751266,1,,
87A2S152 ,6,,96533‐B ,1,,
8751D1A‐76 ,7,,96621,1,,
8911B1 ,7,,96671,1,,
9A11G32 ,8,,96676,1,,
9ES12B ,1,,96677,1,,
9ES71 ,1,,96678T638R1 ,1,,
9K3NL ,28,,9791D1BT48 ,2,,
9K8NL ,28,,98VH559R ,4,,
91A2A256 ,2,,985B1 ,13,,
91141366,1,,98668,5,,
92C3B ,1,,98669,1,,
92C33 ,10,,99453,4,,
92C5B ,3,,,,,
92C6B ,1,,,,,
92X11 ,10,,,,,
92121532,1,,,,,
92342781,1,,,,,
93N426 ,4,,,,,
937B1 ,4,,,,,
93742‐150 ,35,,,,,
93742‐166 ,15,,,,,
93472‐39 ,7,,,,,
93742‐61F ,7,,,,,
94972‐35C ,6,,,,,
95D3 ,4,,,,,
95D707 ,2,,,,,
95098703,1,,,,,
95110839,30,,,,,
95111241,20,,,,,
95208740,4,,,,,
95212247,2,,,,,
95214359,1,,,,,
95217618,20,,,,,
,"LC VOUGHT INGERSOLL RAND COMPRESSOR PARTS, PAGE 21 ",,,,,
