JOY DRILL,PARTS
Part Number,Qty,Part Number,Qty,Part Number,Qty
AM3,2,285SP,7,988HA,8
PA3,1,288HA,4,1025HL1,3
13HA,1,294HA2,1,1025HL2,19
13X17,3,294HA3,1,1027HL,5
14D,2,295HA2,6,1037HL1,12
27HA,3,313HL,5,X10413,5
31HA,5,316SP,2,1045D3,4
37X112,6,342HA,11,1045HA,2
AMP38R,1,343HA,1,1049HA,1
39SX33,16,362SP,3,1060HL1,6
40HA,1,383HA1,2,1062HA2,1
40SX5,1,404HA1,1,1077HA,1
42SX12,3,437HA,3,X1112HL1,1
48HA,99,464HL1,1,1112HL1,2
49HA,24,465HL1,29,1113HL,2
49HA1,26,522SP,2,1130HL,1
VA51,1,607HA2,1,1144HL,5
54HA,1,609HA,1,1151HL,8
83HA,3,616HA,3,1153SP,5
84HA1,6,625HA,3,1156HA,3
91HA,59,626HA,2,1198D2,1
PA103L,1,X655HA,1,1249SP,2
AMP115L,1,657SP,4,1253SP,11
AMP125L,1,671HA,7,1255HL,8
137HL,2,694HA,2,1257HA,1
140HL,8,715HA,1,1257HA2,3
162HA,4,768HA,1,1264DG,1
173SP,13,776HA,7,X10266HL,4
AMP200,1,779HA,9,1280SP,8
204HA1,1,824HA,2,1284HL,1
246HA2,1,846HA,2,1299D1,1
248HA,2,862HA2,2,G1326‐3,1
249HA1,2,881HL,5,1345DG,1
251HA1,2,926HA,2,1364SP,3
252HA,3,942HL,3,1505HL,1
252HA1,2,,2,1518AE,1
253HA1,1,964HL,20,1536HA,6
261HA2,2,967HA1,1,1540HA1,1
264HA1,1,973HA,1,1666D1,2
270HL1,3,975HA,22,1722HA,1
284HA2,1,978HA2,2,1723HA,3
LC VOUGHT,JOY DRILL,"PARTS, PAGE",1
Part Number,Qty,Part Number,Qty,Part Number,Qty
1724HA,2,3490HA1,4,3971D4,3
1726HA,3,3491HA,4,4104HA,3
1755HA,1,3492HA,5,4288HA,1
1765HA1,34,3500HA,2,4319HA,1
X1788HA1,7,3502HA,10,4456HA,48
1837D,4,3503HA,7,4460A,1
1850HA,8,3505HA,2,4465HA,28
2122D2,26,3587HA,16,4473HA1,4
2183HA,6,3606HA1,18,4474HA1,5
2275EA,1,3641HA,2,X4475HA,2
2313HA,6,3666HA,5,4476HA,8
2319HA,2,3682HA,2,4486HA,2
2375HA,4,3703HA,8,X4533HA1,3
2470HA,10,3712HA,1,4538HA,2
2539D,6,3713HA,1,4539HA,4
2852HA,4,3722HA,32,4540HA,3
2877HA,15,3824HA,1,4541HA,1
2936HA,1,3826HA,2,4542HA,1
2947HA,4,3832HA1,2,4545HA,11
3108C,2,3833HA2,1,4547HA,10
X3158HA,2,3833HA3,1,4603HA,4
3298HA2,7,3835HA,6,4604HA,1
3342HA,3,3836HA,7,4604HA1,2
3392D2,2,X3836HA,2,4607HA,1
3392D3,2,3837HA,24,4608HA,1
3416HA,9,3838HA,16,4641HA,10
3417HA,8,3855HA,3,4642HA1,3
3461HA,4,3863HA,13,4666A,1
3462HA,31,3865HA,1,4694HA,2
3463HA,60,3867HA,23,4704HA,1
X3464HA,14,3868HA,12,4705HA,4
3466HA,23,3869HA,9,4759HA,1
3471HA,1,X3871HA,5,4840HA,1
3471HA1,2,3873HA2,34,4896HA,10
3472HA1,7,,6,4905D2,4
3476HA1,27,3884HA,9,4986HA,1
X3478HA,45,3885HA,8,5026HA,6
3479HA,19,3893HA,2,5027HA,2
3486HA,3,X3939HA,12,5201HA2,1
3487HA,27,3962HA,31,5202HA2,1
3488HA,16,3970D3,3,5229HA,1
LC VOUGHT,JOY DRILL,"PARTS, PAGE",2
Part Number,Qty,Part Number,Qty,Part Number,Qty
5230HA,1,5874HA,1,6898HA,3
5232HA,1,5937D,1,6900D4,4
5233HA,1,6032D1,14,6931D2,3
5264HA1,1,6047D1,3,6932D2,1
5265HA,16,6096D1,1,6934D2,4
5269HA,6,6115HA,2,6952D,4
5270HA,2,6116D4,2,6959D4,2
5271HA1,4,6119D,36,X6989HA,3
5317HA,6,6184HA,2,7010D,11
5320HA,6,6187HA,15,7010D1,11
5339HA,1,6259HA1,1,7011D1,2
5402HA,6,6266C,1,7023HA,1
5408HA,1,6288HA,1,7077HA,3
5409HA,1,6294C,1,7144HA,4
5409HA2,1,X6319D3,15,7158HA,1
5469D2,1,6342HA2,3,7187HA,1
5478D,1,6355HA,2,7207D1,7
5553HA,1,6397HA,1,7225D1,42
5573D,3,6407D,9,7255D1,8
5607D4,3,6407D1,7,7272HA,1
5608D1,4,6463D1,7,7450HA,1
5620D4,1,6463D2,7,7451HA,1
X5626HA,1,6481HA,1,7452HA,22
5729HA,8,6520HA,1,7453HA,4
5768HA,3,6523HA,15,7458HA,1
5782HA3,9,6527D3,1,7466HA,1
5783D3,9,6527D4,3,7503D1,1
5784HA,13,6568HA,3,7511HA,2
5797D1,6,6570HA,9,7513HA1,1
X5797HA4,4,6571HA,5,X7516HA,1
5799HA,1,6571HA1,9,X7536HA,4
5800HA,9,6588HA,1,7555HA,12
5815HA,1,6613HA,5,7561D,1
X5815HA,8,6736D5,20,7564HA,5
5821HA,2,6736D6,3,7598D1,3
X5821HA,11,6737D3,18,7599D2,28
5824D,7,6767HA,3,7617D3,3
X5824D4,6,6768HA,1,7627D3,1
X5852D4,1,6769D2,1,7628D1,1
5870D1,3,6896D,9,7759D3,1
5872HA,3,6896D1,5,7854HA,2
LC VOUGHT,JOY DRILL,"PARTS, PAGE",3
Part Number,Qty,Part Number,Qty,Part Number,Qty
7948HA,3,X8819HA,2,9926HA1,1
8003HA1,2,8848HA,7,9927HA,19
8030HA,1,8875HA,1,9928HA,1
8031HA,3,8876HA,13,9944D2,5
8044D1,1,8877HA,14,9945D,9
8157D3,7,8914D,14,9954HA,1
8158HA,1,8925JS,2,9958HA,7
8223HA,4,8936HA,11,9959HA,7
8224HA,6,8937HA,5,10205D,3
8292HA,2,8938HA,8,10241D,1
8330D1,3,8939HA,23,10258D,1
8333HA,1,X8961HA,3,10258D1,8
8355HA,1,X8964HA,13,10277D,1
8365D1,4,9001D1,2,10278D,2
X8410HA,1,9015D2,1,10279D,11
8431D2,4,9041D,10,10303D1,1
8431D3,8,9055HA,4,10305D1,1
8432D,6,9055HA1,1,10306D5,19
8435D,23,9056HA1,2,10306D7,1
8487HA,15,9070HA,2,10312D1,1
8488HA,9,9119D1,1,10313D,7
8547HA,6,9146HA,2,10314HA,19
X8571HA,1,X9187HA,1,10328D,2
8584D,6,9230HA1,1,10329D,2
XA8625HA,1,9375D2,3,X10329HA1,1
8651HA,1,9476D2,2,10330D,4
X8658HA,3,9477D3,20,10330HA2,2
X8659HA,9,9491HA,3,10340D,2
8685HA,4,9492HA,2,10346HA,1
X8686,1,9512D,4,10362D1,1
8687HA,5,X9514D,2,10362D2,3
8704HA2,4,9551HA,5,10363D,4
8710HA1,2,9572HA,2,10365D,4
8713HA,1,9660HA,2,10432HA,12
8714HA,5,9683D1,4,10435C,1
8716HA,1,9684D,99,X10440D1,7
XA8727HA,1,9702HA,4,10441D1,3
8764HA,10,X9714HA,2,10442D,1
8805HA,1,XA9714HA,2,10442D1,1
8815HA,40,9716HA,7,10442D2,1
X8818HA,7,9846D,29,10443D,7
LC VOUGHT,JOY DRILL,"PARTS, PAGE",4
Part Number,Qty,Part Number,Qty,Part Number,Qty
10443D5,1,10617D,2,11080D1,14
10444D2,1,10621D,2,11082D,11
10445C,2,10622HA,1,XA11083D1,1
10445D,1,10624D,1,11084D2,14
10445D3,1,10643D,1,11085D,2
10446D1,3,10648D,1,11086D,15
10446D2,3,10652D,3,11087D2,4
10447D,59,10653D,4,XA11088D1,1
10448D,1,10655D,1,11090D2,2
10449D3,2,10656D1,13,11093D,10
10450D2,4,10657D1,1,11096D1,1
10451D,4,10658D2,29,11098D1,20
10452D,3,10675D,2,11113D,1
10455D,1,10698D,1,11127D,13
10457D,4,10698D6,3,11147D,35
10459D3,26,10730D,3,11159D,1
10460D,97,10749D1,2,11159D1,1
10461D,29,10780D1,2,11180D,2
10461D2,11,10792D,8,11191D,2
10462D1,1,10813D,1,11194D,2
10462D2,52,10815D,6,11207D,6
10463D,1,10820D,6,11221D1,1
10464D,1,10821D,12,11230D,6
10468D,1,10822D,2,11231D,2
10548D,4,10825D,6,11243D,4
10549D4,4,10828D,1,11260D,7
10576D,2,10842D1,3,11330D,1
10577D,4,10854D,2,11342D1,3
10584D1,57,10948D2,1,11344D,3
10585D2,1,10953D2,2,11345D1,6
10586D,1,10973C,2,11346D1,1
10586D2,1,11041D3,4,11348D1,1
X10588HA,8,11042D,1,11351D1,7
10592D1,1,11059D,24,11352D2,1
X10599HA,2,11063D1,2,11353D,2
10605D1,1,11064D1,2,11354D,1
10606D2,99,11073D,45,11355D,1
10609D3,3,11074D2,19,11356D,22
10612D2,3,11075D1,9,11388D,2
10613D1,7,11075D2,3,X11401D2,7
X10615D1,1,11077D1,3,11402D,3
LC VOUGHT,JOY DRILL,"PARTS, PAGE",5
Part Number,Qty,Part Number,Qty,Part Number,Qty
11406D,7,11886D,1,12207D,2
11406D2,6,11890D,1,12222D,1
11408D1,9,11893D,3,12223D,2
11412D,4,11899D,2,12227D,1
11413D,1,11902D,2,12228D,2
11420D,23,11930D,1,12235D,1
11433D,1,11931D7,1,X12255D,4
11443D1,1,11932D,1,12320D,1
11449D,24,12003D,7,12327D,15
11456D,20,12017D,1,12331D,1
11457D,43,12027D,3,12331D1,6
11484D,1,12031D,4,12338D1,5
11485D,1,12036CE,4,12366D,1
11494D,1,12037D,99,12368D,1
11517D,1,12041D,2,12368D2,1
X11517D,4,12051D,6,12429D,1
11518D,1,12055D2,2,12431D,3
X11519D1,5,12062D,5,12470D,5
11585D,7,X12062D,1,12501D,1
X11587D1,5,12063D1,1,12558D1,1
11592D,3,12063D2,3,12559D,3
11608D,3,12088D,1,12561D,9
11623D,1,12088D1,4,12563D,2
11666D1,9,12094D,7,12565D,5
11669D2,2,12095D,12,12566D,5
11696D,20,12096D,2,12568D,1
11696D1,7,12099D,7,12569D,14
11697D1,2,12100D,18,12577D2,1
11699D,88,12101D,17,12579D,2
11699D1,14,12105D,10,12580D1,1
11703D,1,12108D,2,12584D1,7
11742D1,99,12143D4,1,12588D,1
11749D2,2,12148D1,1,12596CE,9
11759D1,1,12162D2,1,12622D,1
11779D,1,12167D2,16,12637D,1
11779D1,2,X12168D2,14,12658C,1
11781D1,38,12181D3,2,12659D2,2
11837D1,6,12197D,1,12664C,4
11856D,2,12198D,4,12666D,1
11878D,2,12205D,5,12687D1,1
11879D,2,12206D2,1,12688D,2
LC VOUGHT,JOY DRILL,"PARTS, PAGE",6
Part Number,Qty,Part Number,Qty,Part Number,Qty
12699D1,2,16402CM,6,126043,1
12722D,14,17617D3,1,126045B,2
12786D1,1,44723,1,126051,1
12788D,3,44727,2,126091,9
12803D,5,44728,2,126094,4
12830D,2,66627,1,126095,2
12850D1,1,106571D1,15,126199,2
12856D,1,115706,3,126200,2
12858D1,1,125063,2,126207,4
12859D,4,125064,1,126208,2
12879D,3,125077A,8,126212,4
12882D,1,125079B,25,126213,1
12982D,1,125093,3,126303,19
13302D,4,125095,4,126304,3
13303D,9,125104,8,126332,1
13317D,11,125109,15,126333,3
13320D,2,125137,1,126434,4
13321D,1,125140,12,126441A,1
13322D,3,125196,5,126445,1
X13323D,5,125213,2,126455‐1,5
13325D,3,125214,1,126455‐2,2
13327D,1,129219‐4,1,126457B,1
13333D,9,125268,6,126459A,1
13506D,6,125271,2,126465A,8
13543D,10,125344,2,126467,1
13551D,8,125369,28,126468,2
13708D,4,A125411A,1,A126486,2
X13803D,2,125413,1,126552,1
13862D,10,125508B,1,126557,1
13881D,2,125509B,3,126558,2
13881D1,1,125536,5,126560,11
14064D,2,125548,1,126579,1
14106D,6,125589,2,126586,1
14107D,2,125592,9,126590,2
14334,1,125708A,2,126609,1
14335C,1,125709,5,A126717,4
14578C,1,125715A,4,A126806,1
14908C,1,125719,7,126881,1
14909C,1,125764,2,126901,32
15088C,4,125797,3,126920,2
15096C,1,126029,2,126931,1
LC VOUGHT,JOY DRILL,"PARTS, PAGE",7
Part Number,Qty,Part Number,Qty,Part Number,Qty
A126998,3,128102,2,131322,1
127040,3,128108,1,131344,9
127043,10,128113A,3,131345,4
127046,2,128114A1,20,131348,4
127067,9,128114A2,25,131385,1
RA127067,3,128114‐1,1,131386,2
127068,8,128114‐4,1,131389,1
127069,3,128136,12,131403,21
127100,4,128146,1,131522,4
A127137,36,A128216,1,A131571,2
127205‐2,1,128217,10,A131586,2
A127271,2,128220,99,A131760A,7
A127277‐1,1,128497,4,131844,1
A127277‐2,4,128739,1,A131845,1
A127279‐4,14,128784,1,RA131996,2
A127279‐7,11,A128896,4,132126A,2
A127280‐2,3,128902,1,132256,7
A127280‐3,3,128947,6,A132257,2
127296,1,A128948,2,132263A,2
127325,8,128949,4,132375,8
127358,6,A129018,1,132376,1
127557,5,129039,10,132380,1
127558,4,129336,1,132865,2
127609,1,129438,1,133870,2
127649,99,129680,6,133395‐3,4
127656,2,129701,7,133395‐4,1
127770,3,130157,7,133952,4
127773,3,130499,7,133955,2
127835,3,130525,1,134116,1
A127845,10,A130658,3,134131,24
127891,20,130684,3,134474A,5
127893,4,A130723,3,134658,1
127924‐2,1,130761,1,134702,1
127931,5,130769,1,134763,1
127937,3,130780,2,134890,1
128017,2,130887,4,134907,3
128019,1,131278,3,134941,1
128064,3,131279‐1,7,135034,1
128065,5,131279‐2,6,135035,2
128095A,1,131279‐3,1,135077,1
128101,1,131318,3,A135139‐1,2
LC VOUGHT,JOY DRILL,"PARTS, PAGE",8
Part Number,Qty,Part Number,Qty,Part Number,Qty
A135139‐2,2,138432,1,150402,1
135271,1,138435,1,150407,6
135279,1,138438,9,150412,4
A135287,3,138439,7,150430,4
135520,1,138440,1,150442,7
135521,4,138442,1,150450,2
A135524,1,138443,1,150488,1
A135548,1,138444,1,150621A,1
135798,10,138446,1,150778,9
A135937,1,138447,1,150870A,1
135968,2,138448,1,150880,2
135992,1,138453,1,150885,1
137087A,8,138454,2,A150891B,1
137212A,1,138455,2,150957,2
137249,1,138459,1,150959,1
137250,1,138469,6,150960,1
137259,2,138590,3,151092,6
137261,3,138602B,1,151132,1
137346A,1,138702,1,151133,12
A137366,1,138703,1,151172,4
A137558,3,138798,23,151212A,10
A137574,10,139105‐52,1,151213A,3
137581A,3,A139574,1,151258,1
A137591,8,150001,3,A151275,4
137626,1,150167,1,151598,1
A137628,5,150171,4,151610,3
A137629,2,150217,2,151622A,1
137772,2,150218,1,A151637,2
A137773A,1,150218A,2,151639A,6
137774,1,150219A,2,151640A,6
137775,3,150220,1,151642A,2
A137780,1,150220A,1,151645,1
137804,2,150235,4,151669A,2
137806,8,150244,6,151670,2
138282,3,150245A,41,151671,12
A138284,2,150252,1,151673,1
138410,1,150258,1,151687,11
138422,2,150260,1,151688,4
138424,5,150273A,2,151690,61
138425,3,150276A,3,151699,16
A138431,1,150401,2,A151702,29
LC VOUGHT,JOY DRILL,"PARTS, PAGE",9
Part Number,Qty,Part Number,Qty,Part Number,Qty
151710,42,152775B,1,153992,5
151711,16,152776A,2,153993,1
151712,47,A152794,3,A154001,1
151716A,3,152838A,1,154028,13
151717A,2,152875A,1,154029,24
A151721,15,152876A,1,154038,3
151722,8,152878,5,A154042,9
151723,10,A152888,7,A154044,1
151794,11,152898,3,A154051,19
A151860,4,152912,4,154258,1
151862,3,152913,75,154353,4
152145A,2,152922,1,154376,8
152190,4,152924,1,154380,5
152191,2,A152930,6,154381,9
152200,77,A152931,1,154383,1
152203,9,152932,2,154421,2
A152208,14,152933,2,A154526,19
152222,3,A152967,4,154555,1
152223,1,A152968,4,154737,2
A152228,2,153197,2,154799,4
A152229,2,153203,10,154800,2
152268,2,153234,1,154803,32
152270A,4,A153246,5,154804,6
A152273,13,153247,5,154816,99
152275,1,153266,2,A154892,6
152276,1,A153790,1,A154926,5
A152300,1,153841,55,155035,3
152388,3,A153869,13,155036,67
152391,13,A153870,7,155037,21
152515,3,153871,5,155184,6
152516,1,153872,4,155268,5
152547A,1,153873,4,155290,3
152551A,1,153874,12,155295,8
152572,3,153875,34,155437,2
152580,15,153876,35,RA155444,2
152581,26,A153881,24,A155470,5
A152685,6,153902,1,155505,5
A152686,6,153903,2,155506,21
152710A,4,A153954,2,155507,99
152741,2,A153956,1,155508,15
152764,2,153989,8,155602,4
LC VOUGHT,JOY DRILL,"PARTS, PAGE",10
Part Number,Qty,Part Number,Qty,Part Number,Qty
155608,15,209577,16,A356228‐2,13
155609,3,218149,1,356299‐6,2
155706,6,221016,1,356233‐1,1
155708,1,221335,1,356302‐2,1
155714,1,221718,1,356302‐3,3
A155798A,5,221756,1,356331,6
155799,5,221783,1,356363,1
155805,2,221836,4,356364,15
155806,1,A221898,1,356375‐2,4
155807A,2,A221991,1,356382‐1,12
155808,2,A222020,4,357958,1
155809,1,222351,1,501002‐258,1
155810A,8,222529,3,501002‐407,2
155824,16,222530,1,501002‐427,2
155827‐3,5,222783,1,501002‐464,1
155853,1,244547,6,501002‐,
A155856 155861 155865 155890 A155893 155898 155903 155904 155915 155995 156028 156087 A156527 156664 156716 156719 156756 156761 156762 202507 203102 203282 203505 205055 207866,1 2 2 1 1 2 1 2 1 2 13 3 2 5 16 32 11 2 2 25 20 4 1 7 5,250316 250317 250937 250940 250944 250945 290037 290120 324689‐1 350297 352353‐1 355052 355822 355832‐2 355832‐7 355833 355838 355842 356027 356048 A356087 A356091 356198‐2 356227 A356228,1111477264242121232211721,4071 501002‐6851 501003‐2 501003‐26 501005‐49 501016‐19 501016‐72 501016‐74 501016‐88 501016‐227 501023‐17 501023‐19 501029‐13 501029‐63 501029‐74 501029‐78 501052‐33 501052‐63 501052‐73 501052‐81 501064‐6 501072‐5 501083‐1 501083‐29,111212211112111411111512
LC VOUGHT,JOY DRILL,"PARTS, PAGE",11
Part Number,Qty,Part Number,Qty,Part Number,Qty
501086‐1,1,546542,1,900302‐3,34
501086‐3,1,546660,1,900302‐4,12
501087‐1,4,546776,1,900302‐10,3
501087‐2,6,600602‐373,1,900302‐64,4
501088‐9,1,700310‐,,900306‐4,6
501099‐6,2,1553,1,900322‐19,1
501099‐79,2,701701‐53,1,900322‐21,2
501099‐148,5,701701‐71,1,900335‐109,1
502002‐23,1,701701‐76,1,900437‐8,4
502002‐63,1,701701‐89,1,900448‐6,4
502224‐753,6,900012‐23,8,900490‐33,2
503043‐15,1,900012‐124,4,900490‐35,16
504232,1,900012‐154,2,900502‐65,1
504456,1,900012‐554,42,900502‐152,3
504549,19,900015‐73,4,900502‐173,4
504891‐2,1,900020‐1,4,900572‐15,15
504947‐1,4,900020‐14,99,900573‐3,2
506209‐33,1,900020‐24,16,900620‐30,2
506214‐59,1,900020‐25,7,900670‐108,40
519022‐8,2,900020‐33,7,900906‐36,4
519025‐7,1,900020‐45,4,900906‐37,1
519025‐18,2,900020‐55,4,900906‐102,2
519025‐27,1,900020‐56,8,900906‐117,1
519036‐72,1,900020‐123,40,900906‐134,1
519036‐119,1,900057‐571,8,900906‐212,2
519036‐148,1,900119‐40,3,900906‐248,1
519040‐4,1,900160‐6,8,900906‐271,1
519055‐6,2,900160‐7,7,900906‐361,1
519056‐1,2,900160‐11,2,900906‐411,4
519089,1,900160‐13,2,900969‐71,3
519229‐2,1,900188‐6,4,900969‐286,1
519342‐5,1,900199‐3,3,901000‐12,1
519344,2,900199‐5,28,901110‐2,4
519475‐5,5,900199‐6,14,901159‐4,1
519481‐3,2,900199‐13,2,901159‐32,1
545642‐1,1,900199‐17,48,901160‐12,2
546019,3,900235‐141,2,901160‐25,1
546137‐1,1,900235‐190,2,901204‐9,1
546365‐6,2,900240‐613,1,901241‐25,8
546493,2,900244‐113,2,901241‐29,10
546497,4,900253‐53,4,901241‐71,1
LC VOUGHT,JOY DRILL,"PARTS, PAGE",12
Part Number,Qty,Part Number,Qty,Part Number,Qty
901241‐124,2,902095‐162,1,902298‐45,4
901241‐137,3,902095‐175,4,902300‐33,1
901241‐165,6,902095‐215,5,902301‐,
901241‐189 901241‐216 901241‐296 901241‐461 901241‐487 901241‐506 901244‐64 901244‐255 901244‐273 901246‐53 901246‐133 901246‐281 901246‐285 901246‐436,1 3 2 1 8 1 1 3 1 99 8 1 1 2,902095‐325 902095‐362 902095‐450 902109‐43 902109‐200 902109‐244 902109‐256 902109‐281 902109‐315 902109‐393 902109‐475 902109‐500 902109‐525 902109‐725,1242121214236542,1001 902301‐1009 903136‐11 903137‐19 903337‐19 903337‐39 903347‐23 903347‐27 903347‐42 903347‐46 903347‐58 903437‐9 903442‐1206,251711131111143
901247‐193,6,902224‐47,9,903442‐,
901247‐421,4,902224‐49,36,5206,3
901247‐469,1,902224‐73,20,903452‐,
901247‐531,1,902224‐82,5,5205,3
901257‐26,1,902224‐84,8,903458‐6,3
901298‐64,1,902224‐115,8,903514‐6,1
901348‐13,2,902224‐172,11,903514‐7,6
901359‐13 901537‐38 901558‐13 901688‐203 901688‐207 901688‐212 901690‐208 901690‐212 901691‐307 901858‐4 901858‐33 901858‐47 901921‐3 901924‐2 901930‐6 902019‐98 902095‐125,1 1 29 1 24 3 17 17 2 2 21 2 2 2 9 2 6,902224‐753 902224‐889 902277‐5 902277‐11 902277‐19 902277‐27 902277‐43 902277‐47 902277‐48 902277‐52 902277‐131 902278‐12 902278‐15 902298‐5 902298‐6 902298‐7 902298‐43,4461019910997199311999914,903535‐1018 903535‐1216 903540‐11 903540‐19 903540‐19 903540‐26 903676‐1 903719‐23 903775‐77 903775‐154 903776‐5 903778‐36 903872‐27 904192‐14 904584‐2,21312373715112112342
LC VOUGHT,JOY DRILL,"PARTS, PAGE",13
Part Number,Qty,Part Number,Qty,Part Number,Qty
904584‐16,1,905000‐,,910069‐6,7
904584‐19,5,1250,2,910069‐7,10
904584‐32,7,905361‐212,2,910069‐8,8
904584‐34 904584‐42 904584‐44 904584‐48,14 4 3 2,905642‐43 906156‐1010 906156‐1212,1612,910069‐10 910080 910239‐12 910346‐427,1123
904584‐49,12,906156‐,,910623‐20,4
904584‐53,23,3410,5,910657‐115,6
904584‐64,1,906156‐,,910657‐132,6
904584‐73,65,3434,1,910657‐216,6
904584‐74,1,906161‐40,1,910657‐237,4
904584‐91,6,906247‐8,4,910660‐214,99
904584‐96,2,906367‐8,1,910660‐228,99
904685‐29,25,906512‐137,3,910660‐229,99
904685‐35,34,906833‐4,1,910660‐260,4
904685‐42,4,906833‐6,1,910660‐265,3
904685‐44,4,906946‐20,2,910660‐337,99
904685‐56,4,907234‐88,1,910660‐340,99
904685‐70 904685‐72 904685‐81 904685‐83 904685‐91 904685‐106 904685‐109 904685‐110 904685‐116 904685‐132 904685‐134 904685‐142 904685‐143 904685‐144 904685‐145 904685‐152 904685‐159 904685‐160 904685‐197 904686‐122 904889‐22 904889‐53,8 1 4 2 1 2 1 2 2 2 15 1 22 1 12 2 1 2 1 2 4 2,907274‐1616 907483‐4 907483‐5 907484‐5 907864‐220 907865‐365 907951‐30 907951‐42 907951‐327 907951‐4125 907951‐4141 907951‐4235 907952‐141 909307‐10 910066‐11 910066‐12 910067‐12 910069‐5 910069‐3,2351993212122412182195432,910660‐344 910660‐349 910741‐86 910751‐1216 911247‐420 912134‐1012 912145‐2 913173‐69 917183‐7 920023‐1 940001‐208 940003‐206 940007‐305 940009‐304 940016‐202 940016‐206 940017‐207 940018‐203 940021‐208 940021‐213,99162221201911111421111
LC VOUGHT,JOY DRILL,"PARTS, PAGE",14
Part Number,Qty,Part Number,Qty,Part Number,Qty
940022‐206,1,1139001‐95,1,175,
940022‐207,3,1139001‐,,1139008‐53,1
940022‐208 940025‐304 940026‐302 940027‐305 940030‐304 940041‐7307 940046‐5206 940055‐5305 940089‐6 940089‐17 950023‐4 950045‐3 950057‐1,1 5 2 1 2 1 1 3 1 1 1 2 2,107 1139001‐184 1139002‐1 1139002‐16 1139002‐20 1139002‐21 1139002‐22 1139002‐39 1139004‐10 1139004‐23 1139004‐52 1139004‐53 1139004‐73 1139004‐110,313151115111112,1139009‐30 1139010‐41 1139010‐42 1139013‐9 1139014‐2 1139014‐6 1139014‐17 1139014‐18 1139015‐8 1139015‐9 1139017‐1 1139018‐19 1139019‐15 1139020‐11 1139021‐4,17115142449937832323
950091‐2,1,1139005‐2,1,1139021‐7,4
950194‐1,1,1139005‐14,3,1139021‐64,8
950214‐1 950214‐2 950217‐1 950309‐1 950313‐1 950329‐1 960037‐1 960045‐1 960057‐1 960079‐1 960115‐1 960133‐1 960194‐1 960214‐1 960217‐1,2 1 6 3 1 1 1 2 2 1 1 1 2 1 8,1139005‐18 1139005‐30 1139005‐44 1139005‐45 1139005‐83 1139005‐94 1139005‐95 1139005‐96 1139005‐156 1139006‐213 1139006‐214 1139006‐215,416922211151,1139021‐72 1139021‐107 1139022‐1 1139022‐2 1139022‐5 1139023‐6 1139023‐19 1139023‐48 1139024‐1 1139024‐9 1139024‐46 1139024‐53 1139024‐86 1139024‐110,2118135412111211
960309‐1,5,1139007‐14,6,1139024‐,
960313‐1,1,1139007‐15,11,126,1
960319‐1,2,1139007‐24,1,1139024‐,
960329‐1,1,1139007‐54,1,131,1
1139001‐77,3,1139007‐,,1139025‐71,9
1139001‐94,1,173,4,1139026‐19,1
"",,1139007‐,1,1139026‐30,11
LC VOUGHT,JOY DRILL,"PARTS, PAGE",15
Part Number,Qty,Part Number,Qty,Part Number,Qty
1139027‐1,1,1139105‐,,1139125‐,
1139027‐10 1139027‐14 1139027‐15 1139027‐29 1139028‐5 1139028‐10 1139030‐3 1139030‐5 1139031‐5 1139031‐7 1139031‐13 1139035‐1 1139045‐3 1139045‐49 1139045‐60 1139045‐67,2 1 1 1 1 6 4 4 1 1 3 1 4 1 1 1,154 1139105‐502 1139121‐6 1139125‐23 1139125‐27 1139125‐66 1139125‐109 1139125‐125 1139125‐139 1139125‐158 1139125‐177 1139125‐,516196112141,439 1139125‐445 1139125‐495 1139125‐499 1139125‐504 1139125‐584 1139125‐585 1139125‐670 1139141‐37 1139141‐42 1139141‐46,112124111324
1139045‐68,1,182,5,1139141‐49,2
1139048‐68,1,1139125‐,,1139141‐54,1
1139049‐5 1139049‐8 1139053‐44 1139053‐45 1139069‐124 1139073‐3 1139073‐63 1139073‐80 1139073‐85 1139085‐46 1139085‐90 1139085‐107 1139089‐4 1139089‐40 1139089‐53 1139089‐59 1139089‐83 1139089‐93 1139089‐124,1 5 1 1 10 41 31 1 2 1 4 1 4 19 3 1 1 1 6,200 1139125‐266 1139125‐270 1139125‐272 1139125‐320 1139125‐338 1139125‐352 1139125‐376 1139125‐378 1139125‐379 1139125‐391 1139125‐427 1139125‐436,7858122414211,1139141‐60 1139141‐66 1139141‐67 1139141‐77 1139141‐126 1139141‐148 1139141‐149 1139141‐152 1139141‐153 1139141‐160 1139141‐176 1139141‐198 1139141‐199 1139141‐200,281261611144222
LC VOUGHT,JOY DRILL,"PARTS, PAGE",16
Part Number,Qty,Part Number,Qty,Part Number,Qty
1139141‐,,1139225‐23,1,1139253‐,
201 1139141‐294 1139141‐312 1139145‐4 1139145‐32 1139149‐39 1139149‐40 1139149‐115,1 1 4 13 3 1 1 1,1139235‐14 1139235‐15 1139241‐27 1139241‐139 1139251‐67 1139253‐8 1139253‐45 1139253‐57 1139253‐61,3355123220,279 1139257‐4 1139265‐18 1139265‐60 1139265‐69 1139265‐93 1139281‐36 1139281‐40 1139281‐54 1139281‐55,12312221144
1139149‐,,1139253‐62,1,1139281‐62,1
116,1,1139253‐63,5,1139281‐,
1139165‐53 1139173‐88 1139177‐27 1139177‐75 1139182‐14 1139185‐4 1139185‐42 1139185‐44 1139185‐45 1139185‐95 1139185‐164 1139185‐168 1139185‐186 1139185‐209 1139185‐278 1139185‐308 1139197‐3 1139221‐6 1139221‐7 1139221‐10 1139222‐8 1139225‐10 1139225‐22,1 4 1 1 1 1 1 1 13 2 2 2 2 1 1 5 1 2 2 7 8 7 1,1139253‐74 1139253‐90 1139253‐91 1139253‐92 1139253‐93 1139253‐179 1139253‐180 1139253‐184 1139253‐185 1139253‐192 1139253‐193 1139253‐196 1139253‐203 1139253‐206 1139253‐207 1139253‐208 1139253‐209 1139253‐212,211113211311232114,108 1139281‐122 1139285‐14 1139285‐18 1139285‐21 1139301‐13 1139301‐16 1139301‐17 1139301‐32 1139301‐63 1139301‐86 1139301‐126 1139305‐14 1139305‐19 1139305‐30 1139309‐35 1139333‐5 1139333‐14 1139333‐28 1139333‐32 1139337‐54 1139341‐35 1139345‐18 1139345‐19 1139345‐22 1139345‐38 1139345‐44,111261441111224114112126361651
LC VOUGHT,JOY DRILL,"PARTS, PAGE",17
Part Number,Qty,Part Number,Qty,Part Number,Qty
1139345‐45,20,1139373‐,,1139393‐,
1139353‐33 1139361‐53 1139369‐5 1139369‐16 1139369‐23 1139369‐28 1139369‐31 1139369‐35 1139369‐38 1139369‐71 1139369‐122 1139369‐145 1139369‐153 1139369‐160 1139369‐163 1139369‐189 1139373‐4 1139373‐25 1139373‐27 1139373‐28 1139373‐29 1139373‐30 1139373‐33,3 2 2 6 35 2 2 8 1 1 12 11 3 2 8 8 1 14 16 4 2 2,133 1139377‐232 1139385‐1 1139385‐2 1139385‐3 1139385‐5 1139389‐59 1139389‐63 1139389‐69 1139389‐70 1139389‐92 1139389‐104 1139393‐105 1139389‐143 1139389‐178 1139389‐192 1139389‐210 1139389‐294 1139389‐298 1139393‐37 1139393‐75,11420172220526314511475343242,186 1139393‐224 1139398‐3 1139398‐22 1139398‐93 1139398‐162 1139400‐73 1139400‐74 1139400‐125 1139400‐126 1139400‐139 1139400‐157 1139400‐168 1139400‐182 1139400‐209 1139400‐337 1139400‐340 1139400‐345 1139400‐,146521111131182122
1139373‐40,4,1139393‐,,354,2
1139373‐96,16,104,1,1139400‐,
1139373‐,,1139393‐,,355,2
103,37,116,2,1139400‐,
1139373‐,,1139393‐,,356,2
104,9,140,4,1139400‐,
1139373‐,,1139393‐,,357,2
109,1,145,3,1139400‐,
1139373‐,,1139393‐,,427,99
114,21,146,1,1139400‐,
1139373‐,,1139393‐,,487,2
118,47,147,6,1139400‐,
1139373‐,,1139393‐,,511,1
124,11,183,1,,
LC VOUGHT,JOY DRILL,"PARTS, PAGE",18
Part Number,Qty,Part Number,Qty,Part Number,Qty
1139400‐,,1139449‐13,2,1139493‐,
541 1139400‐651 1139400‐670 1139400‐736 1139417‐8 1139417‐36 1139417‐133,1 1 1 1 6 1 36,1139449‐32 1139499‐33 1139453‐24 1139469‐2 1139473‐96 1139473‐199 1139477‐9 1139477‐24 1139477‐26,24131229911,248 1139493‐273 1139495‐13 1139495‐14 1139495‐19 1139495‐37 1139503‐33 1139505‐50 1139505‐51,22611153154
1139421‐1 1139421‐10 1139421‐21 1139421‐25,4 7 5 2,1139477‐56 1139477‐57 1139477‐58 1139477‐59,8111,1139505‐81 1139505‐102 1139505‐105,413
1139421‐31,2,1139477‐95,2,1139505‐,
1139437‐20,2,1139477‐,,133,9
1139437‐43 1139437‐44 1139437‐46 1139437‐47 1139437‐48,1 99 99 19 7,107 1139477‐118 1139477‐136 1139477‐,724,1139505‐160 1139505‐166 1139505‐189,2214
1139437‐49,2,137,2,1139505‐,
1139437‐50,6,1139477‐,,190,4
1139437‐53 1139437‐55 1139437‐98 1139437‐115 1139437‐116 1139437‐138 1139437‐152 1139437‐177 1139437‐230 1139437‐272 1139437‐287,1 2 10 1 1 2 2 2 3 2 2,149 1139477‐150 1139482‐3 1139493‐52 1139493‐53 1139493‐62 1139493‐133 1139493‐159 1139493‐163 1139493‐214 1139493‐215 1139493‐216,33143513123123,1139509‐10 1139509‐46 1139509‐68 1139513‐2 1139513‐22 1139513‐23 1139513‐26 1139513‐118 1139513‐132 1139513‐147 1139513‐175 1139513‐292 1139513‐,3238372244194
LC VOUGHT,JOY DRILL,"PARTS, PAGE",19
Part Number,Qty,Part Number,Qty,Part Number,Qty
316,,1139557‐3,1,903,
1139513‐,,1139557‐5,1,1140275‐,
392 1139517‐8 1139517‐9 1139517‐19 1139517‐23 1139517‐24 1139517‐27 1139517‐28,4 13 10 3 6 1 5 4,1139577‐24 1139577‐29 1139581‐35 1139581‐109 1139581‐163 1139597‐1,3137114,925 1140275‐928 1140275‐1338 1140275‐1471 1140275‐2623,652199
1139517‐29,9,1139597‐2,1,1140275‐,
1139517‐36,5,1139601‐30,1,2731,4
1139517‐38 1139517‐48 1139517‐53 1139517‐115 1139517‐127,33 2 32 14 48,1139601‐35 1139601‐36 1139601‐206 1139609‐5 1139613‐377,41912,1140275‐2878 1140275‐2879 1157000‐24 1157004‐13 1157017‐14,7386132
1139517‐,,1139617‐32,10,1157037‐3,7
135,1,1139617‐78,2,1157049‐14,1
1139517‐,,1139617‐85,2,1157051‐18,1
136 1139517‐190 1139517‐193 1139521‐32 1139521‐34 1139521‐40 1139521‐42 1139521‐45 1139521‐47 1139529‐28 1139537‐130,4 3 4 1 2 2 3 1 1 2 1,1139659 1139747‐176 1139758‐1 1139758‐5 1139769‐27 1139774‐8 1139774‐27 1139775‐17 1139775‐29 1139900‐3 1140105‐31 1140106‐10,122125311212,1157062‐13 1157062‐24 1157067‐7 1157067‐15 1157099‐3 1157101‐60 1157105‐8 1157105‐21 1157113‐5 1157133‐17 1157140‐3 1157143‐3 1157150‐21,243211341108382
1139541‐1 1139541‐18 1139549‐5 1139549‐13,1 2 4 14,1140275‐66 1140275‐503 1140275‐895,1993,1157150‐22 1157150‐24 1157150‐25 1157159‐10,2331
1139549‐48,12,1140275‐,,1157159‐17,1
1139553‐,,896,4,1157195‐1,20
240,1,1140275‐,2,1157195‐24,8
LC VOUGHT,JOY DRILL,"PARTS, PAGE",20
Part Number,Qty,Part Number,Qty,Part Number,Qty
1157195‐25,2,1356815‐4,2,1663748‐16,1
1157243‐8,8,1356816‐3,1,1740623,2
1157243‐9,11,1356857,2,1740935,1
1157243‐10,6,1356965,1,3130240,1
1157243‐11,8,1357239,1,3138225‐,
1157243‐35,1,1357622‐2,3,237,2
1157243‐40,2,1357624,23,3139003‐72,3
1157243‐59,3,1357624TS,4,3139003‐83,2
1157265‐3,2,1357756,12,3139003‐85,1
1157282‐4,1,1357758,2,3139004‐3,1
1157288‐1 1157288‐17 1157292‐1 1157292‐11,8 2 4 1,1357787‐1 1357897 1357935 1357935‐2,12122,3139004‐60 3139005‐193 3139006‐125,131
1157292‐12,1,1357958,1,3139006‐,
1157309‐10,2,1357960,1,135,10
1157335‐22,1,1357996,1,3139008‐18,1
1157383‐7,1,1358048,9,3139008‐41,2
1157400‐3,23,1358049,4,3139008‐51,1
1157463,3,1358129‐1,2,3139008‐52,1
1157525‐6,5,1358170‐1,1,3139009‐11,1
1157525‐9,1,1358232,3,3139010‐36,13
1157530‐2,3,1358302,3,3139018‐18,1
1157690,3,1358455,2,3139018‐26,1
1190132‐,,1358502,2,3139018‐30,1
117,1,1358523,2,3139018‐,
1190258‐5,2,1358576‐1,15,112,1
1223081,4,1358676‐1,1,3139025‐33,4
1224394,1,1358683,1,3139025‐50,10
1224951,1,1358708,2,3139025‐73,1
1225602,2,1358709,1,3139025‐75,3
1225603,2,1358710,3,3139025‐79,5
1225954,1,1358712,4,3139025‐86,6
1227500,4,1358716,2,3139025‐91,14
1228155,2,1358739,1,3139025‐93,1
1228325‐1,5,1359564,8,3139025‐94,1
1228332‐1,10,1359960,1,3139025‐96,10
1278743‐19,4,1359963,2,3139025‐97,6
1356771,99,1663274,2,3139030‐11,5
1356775‐1,6,1663597‐,,3139034‐,
1356814‐16,1,161,3,T45,1
LC VOUGHT,JOY DRILL,"PARTS, PAGE",21
Part Number,Qty,Part Number,Qty,Part Number,Qty
3139034‐,,3139237‐,,3139521‐55,1
173 3139034‐176 3139034‐249 3139034‐366 3139053‐51 3139053‐98 3139061‐3 3139065‐29 3139081‐42 3139081‐103 3139081‐162 3139085‐16 3139105‐314 3139105‐388 3139105‐646 3139105‐686 3139125‐417 3139125‐678,2 1 1 2 2 5 5 3 5 2 2 5 4 1 1 2 1 1,145 3139245‐23 3139253‐44 3139253‐63 3139253‐185 3139265‐88 3139301‐14 3139301‐41 3139301‐73 3139301‐74 3139301‐75 3139301‐76 3139305‐5 3139327‐11 3139345‐59 3139353‐41 3139373‐23 3139373‐33 3139389‐160 3139398‐61 3139398‐159 3139400‐6 3139421‐15 3139449‐28,412101111131211122112112228,3139521‐56 3139521‐80 3139525‐2 3139553‐256 3139553‐375 3139553‐377 3139557‐46 3139563‐377 3139565‐79 3139573‐3 3139573‐7 3139577‐19 3139581‐95 3139581‐123 3139581‐146 3139581‐151 3139581‐152 3139581‐168 3139601‐38,11131322212131111125
3139125‐,,3139449‐71,1,3139613‐50,2
693,1,3139482‐12,4,3139617‐60,2
3139125‐,,3139482‐,,3139753‐7,5
747,1,1250,1,3139753‐12,1
3139141‐12,4,3139493‐60,5,3139753‐13,1
3139141‐179 3139145‐32 3139149‐137 3139151‐17 3139182‐18 3139189‐24 3139189‐32 3139225‐20,10 2 1 1 1 1 3 6,3139493‐61 3139493‐62 3139493‐267 3139505‐265 3139521‐40 3139521‐41 3139521‐46,21111211,3139753‐15 3139759‐2 3139769‐4 3139774‐18 3139774‐41 3410104‐19 3140105‐3 3140105‐11 3140105‐49,223111211
LC VOUGHT,JOY DRILL,"PARTS, PAGE",22
Part Number,Qty,Part Number,Qty,Part Number,Qty
3140240,2,,,,
3140275‐,,,,,
1438,1,,,,
3140275‐,,,,,
1565,4,,,,
3140275‐,,,,,
1579,1,,,,
3140275‐,,,,,
1721,3,,,,
3140275‐,,,,,
2000,1,,,,
3140275‐,,,,,
2001,1,,,,
3140275‐,,,,,
2341,2,,,,
3157067‐8,1,,,,
3157105‐6,1,,,,
3157117‐,,,,,
181,2,,,,
3157150‐19,4,,,,
3157175‐22,7,,,,
3157195‐2,6,,,,
3157195‐23,1,,,,
3157251‐8,1,,,,
3157251‐14,4,,,,
3157296‐3,28,,,,
3157297‐5,17,,,,
3157383‐11,4,,,,
3157383‐14,1,,,,
3157524‐10,1,,,,
3157524‐16,2,,,,
3157524‐17,1,,,,
3189932‐4,1,,,,
3189932‐6,1,,,,
3189932‐,,,,,
174,16,,,,
3190106‐25,2,,,,
3225989,1,,,,
3225997,3,,,,
3228193‐7,1,,,,
3228193‐8,3,,,,
5018515‐8,1,,,,
5019660‐1,3,,,,
LC VOUGHT,JOY DRILL,"PARTS, PAGE",23
